home-name,away-name,home-elo,away-elo,home-win-odds,draw-odds,away-win-odds,home-result,away-result,match-date,epoch_time,home-win-elo,draw-elo,away-win-elo,home_win_elo_bookies_draw_odds,away_win_elo_bookies_draw_odds,draw_elo_bookies_draw_odds
Fulham,Arsenal,984.0,1016.0,0.1855287569573284,0.25125628140703515,0.6024096385542168,0,3,2020-09-12 12:30:00,1599910200.0,0.5,0.0,0.5,0.3743718592964824,0.3743718592964824,0.25125628140703515
Crystal Palace,Southampton,1016.0,984.0,0.3246753246753247,0.3105590062111801,0.4065040650406504,1,0,2020-09-12 15:00:00,1599919200.0,0.5,0.0,0.5,0.34472049689441,0.34472049689441,0.3105590062111801
Liverpool,Leeds,1016.0,984.0,0.7874015748031495,0.16233766233766234,0.09191176470588235,4,3,2020-09-12 17:30:00,1599928200.0,0.5,0.0,0.5,0.41883116883116883,0.41883116883116883,0.16233766233766234
West Ham,Newcastle,984.0,1016.0,0.49751243781094534,0.2801120448179272,0.26246719160104987,0,2,2020-09-12 20:00:00,1599937200.0,0.5,0.0,0.5,0.3599439775910364,0.3599439775910364,0.2801120448179272
West Brom,Leicester,984.0,1016.0,0.29940119760479045,0.3003003003003003,0.44052863436123346,0,3,2020-09-13 14:00:00,1600002000.0,0.5,0.0,0.5,0.34984984984984985,0.34984984984984985,0.3003003003003003
Tottenham,Everton,984.0,1016.0,0.4854368932038835,0.2949852507374631,0.2617801047120419,0,1,2020-09-13 16:30:00,1600011000.0,0.5,0.0,0.5,0.35250737463126847,0.35250737463126847,0.2949852507374631
Sheffield Utd,Wolves,984.0,1016.0,0.3058103975535168,0.3484320557491289,0.3861003861003861,0,2,2020-09-14 18:00:00,1600102800.0,0.5,0.0,0.5,0.32578397212543553,0.32578397212543553,0.3484320557491289
Brighton,Chelsea,984.0,1016.0,0.16722408026755853,0.22675736961451246,0.6451612903225806,1,3,2020-09-14 20:15:00,1600110900.0,0.5,0.0,0.5,0.3866213151927438,0.3866213151927438,0.22675736961451246
Everton,West Brom,1030.5304984710244,969.4695015289755,0.6329113924050632,0.24752475247524752,0.1589825119236884,5,2,2020-09-19 12:30:00,1600515000.0,0.5459219227804837,0.0,0.4540780772195163,0.41079273397343324,0.34168251355131923,0.24752475247524752
Leeds,Fulham,1000.0,968.0,0.5813953488372093,0.2610966057441253,0.19569471624266144,4,3,2020-09-19 15:00:00,1600524000.0,0.5,0.0,0.5,0.36945169712793735,0.36945169712793735,0.2610966057441253
Manchester Utd,Crystal Palace,984.736306793522,1031.263693206478,0.7352941176470589,0.19493177387914232,0.11273957158962794,1,3,2020-09-19 17:30:00,1600533000.0,0.4769904127024377,0.0,0.5230095872975623,0.38400982543100737,0.42105840068985034,0.19493177387914232
Arsenal,West Ham,1030.5304984710244,969.4695015289755,0.6622516556291391,0.2222222222222222,0.1524390243902439,2,1,2020-09-19 20:00:00,1600542000.0,0.5459219227804837,0.0,0.4540780772195163,0.4246059399403762,0.3531718378374016,0.2222222222222222
Southampton,Tottenham,968.0,1000.0,0.29673590504451036,0.2958579881656805,0.4464285714285714,2,5,2020-09-20 12:00:00,1600599600.0,0.5,0.0,0.5,0.3520710059171598,0.3520710059171598,0.2958579881656805
Newcastle,Brighton,998.5304984710245,1001.4695015289755,0.38314176245210724,0.31446540880503143,0.3436426116838488,0,3,2020-09-20 14:00:00,1600606800.0,0.5459219227804837,0.0,0.4540780772195163,0.3742483621576901,0.31128622903727854,0.31446540880503143
Chelsea,Liverpool,1000.0,1032.0,0.29154518950437314,0.2604166666666667,0.48780487804878053,0,2,2020-09-20 16:30:00,1600615800.0,0.5,0.0,0.5,0.36979166666666663,0.36979166666666663,0.2604166666666667
Leicester,Burnley,1031.263693206478,984.736306793522,0.6451612903225806,0.23866348448687355,0.15552099533437014,4,2,2020-09-20 19:00:00,1600624800.0,0.5230095872975623,0.0,0.4769904127024377,0.39818629677308437,0.36315021874004205,0.23866348448687355
Aston Villa,Sheffield Utd,1015.263693206478,968.736306793522,0.4065040650406504,0.31446540880503143,0.3164556962025316,1,0,2020-09-21 18:00:00,1600707600.0,0.5230095872975623,0.0,0.4769904127024377,0.3585411636190836,0.326993427575885,0.31446540880503143
Wolves,Manchester City,999.263693206478,1016.736306793522,0.14265335235378032,0.2169197396963124,0.6802721088435374,1,3,2020-09-21 20:15:00,1600715700.0,0.5230095872975623,0.0,0.4769904127024377,0.4095584837622993,0.3735217765413883,0.2169197396963124
Brighton,Manchester Utd,984.6995046979231,1001.5063036245743,0.18518518518518517,0.24096385542168672,0.6134969325153374,2,3,2020-09-26 12:30:00,1601119800.0,0.5240624009703874,0.0,0.47593759902961263,0.3977823043510169,0.36125384022729634,0.24096385542168672
Crystal Palace,Everton,1015.2299283912381,1046.5642632862641,0.28328611898017,0.3003003003003003,0.4566210045662101,1,2,2020-09-26 15:00:00,1601128800.0,0.5010551504762436,0.0,0.4989448495237564,0.3505881383212155,0.3491115613784842,0.3003003003003003
West Brom,Chelsea,970.8718751773815,998.5976263515939,0.14727540500736377,0.21052631578947367,0.684931506849315,3,3,2020-09-26 17:30:00,1601137800.0,0.45617582348731167,0.0,0.5438241765126883,0.3601388080162987,0.4293348761942276,0.21052631578947367
Burnley,Southampton,967.9661669788793,984.7701398146427,0.3058103975535168,0.2949852507374631,0.43859649122807015,0,1,2020-09-26 20:00:00,1601146800.0,0.5240668692075853,0.0,0.4759331307924147,0.3694748723911885,0.33553987687134845,0.2949852507374631
Sheffield Utd,Leeds,954.1721796717983,1014.5641271217237,0.3412969283276451,0.29673590504451036,0.4016064257028112,0,1,2020-09-27 12:00:00,1601204400.0,0.45512897255386586,0.0,0.5448710274461341,0.32007586497111634,0.38318822998437324,0.29673590504451036
Tottenham,Newcastle,999.9323273572415,998.598171113783,0.7042253521126761,0.20833333333333334,0.12987012987012986,1,1,2020-09-27 14:00:00,1601211600.0,0.5021147700862028,0.0,0.49788522991379724,0.3975075263182438,0.3941591403484228,0.20833333333333334
Manchester City,Leicester,1001.4049280472937,1046.5950719527063,0.7575757575757576,0.17094017094017094,0.1088139281828074,2,5,2020-09-27 16:30:00,1601220600.0,0.4791055858196369,0.0,0.5208944141803631,0.3972071950812374,0.4318526339785916,0.17094017094017094
West Ham,Wolves,986.8382212862026,981.8949734492509,0.29940119760479045,0.303951367781155,0.43859649122807015,4,0,2020-09-27 19:00:00,1601229600.0,0.4572275075866515,0.0,0.5427724924133486,0.31825258126852035,0.3777960509503247,0.303951367781155
Fulham,Aston Villa,954.1632457797655,1029.1004474267124,0.32894736842105265,0.29411764705882354,0.4166666666666667,0,3,2020-09-28 17:45:00,1601311500.0,0.4323985693823281,0.0,0.5676014306176719,0.3052225195639963,0.4006598333771801,0.29411764705882354
Liverpool,Arsenal,1047.9323273572415,1014.5981711137829,0.6711409395973155,0.19569471624266144,0.17094017094017094,3,1,2020-09-28 20:00:00,1601319600.0,0.502114770086203,0.0,0.497885229913797,0.4038535626329343,0.40045172112440425,0.19569471624266144
Chelsea,Crystal Palace,1015.362987598416,998.464567144416,0.6535947712418301,0.23201856148491876,0.15408320493066255,4,0,2020-10-03 12:30:00,1601724600.0,0.47608246103680973,0.0,0.5239175389631903,0.36562249327884927,0.402358945236232,0.23201856148491876
Everton,Brighton,1059.7450185032371,971.5187494809502,0.5617977528089888,0.26595744680851063,0.2114164904862579,4,2,2020-10-03 15:00:00,1601733600.0,0.5881013994695967,0.0,0.4118986005304033,0.43169145280215077,0.3023511003893386,0.26595744680851063
Leeds,Manchester City,1013.9584132202468,1002.0106419487705,0.11862396204033215,0.14836795252225518,0.7692307692307692,1,1,2020-10-03 17:30:00,1601742600.0,0.5189285594211522,0.0,0.48107144057884776,0.4419361915545124,0.4096958559232324,0.14836795252225518
Newcastle,Burnley,1013.1911589863844,953.3731791062779,0.41493775933609955,0.3076923076923077,0.3184713375796178,3,1,2020-10-03 20:00:00,1601751600.0,0.5439691289812066,0.0,0.45603087101879336,0.3765940123716046,0.3157136799360877,0.3076923076923077
Southampton,West Brom,1000.13044225214,955.5115727398842,0.53475935828877,0.26666666666666666,0.23866348448687355,2,0,2020-10-04 12:00:00,1601809200.0,0.5199905488282092,0.0,0.48000945117179084,0.3813264024740201,0.3520069308593133,0.26666666666666666
Leicester,West Ham,1027.8699855607865,1005.5633076781226,0.5464480874316939,0.25380710659898476,0.23866348448687355,0,3,2020-10-04 12:00:00,1601809200.0,0.5851589497474965,0.0,0.4148410502525035,0.4366414498115837,0.30955144358943154,0.25380710659898476
Wolves,Fulham,996.620585406551,939.4376338224654,0.5586592178770949,0.2881844380403458,0.19342359767891684,1,0,2020-10-04 14:00:00,1601816400.0,0.5398246263343707,0.0,0.46017537366562933,0.38425556975386044,0.3275599922057938,0.2881844380403458
Arsenal,Sheffield Utd,1027.8431733882912,940.9271773972899,0.6666666666666666,0.23201856148491876,0.14347202295552366,2,1,2020-10-04 14:00:00,1601816400.0,0.5860936789216155,0.0,0.41390632107838454,0.4501090666428184,0.31787237187226286,0.23201856148491876
Manchester Utd,Tottenham,985.4338198346454,1016.0048111471705,0.48309178743961345,0.27548209366391185,0.27932960893854747,1,6,2020-10-04 16:30:00,1601825400.0,0.5022651184352784,0.0,0.49773488156472157,0.3639000720343753,0.36061783430171285,0.27548209366391185
Aston Villa,Liverpool,1045.9668392519402,1031.0659355320138,0.14903129657228018,0.2053388090349076,0.684931506849315,7,2,2020-10-04 19:15:00,1601835300.0,0.472925255461635,0.0,0.527074744538365,0.37581534674261347,0.418845844222479,0.2053388090349076
Everton,Liverpool,1058.4272894287476,1032.3836646065033,0.23866348448687355,0.23866348448687355,0.5586592178770949,2,2,2020-10-17 12:30:00,1602934200.0,0.5411790335777961,0.0,0.45882096642220394,0.4120193596928805,0.3493171558202459,0.23866348448687355
Chelsea,Southampton,1014.6619520785523,1000.8314777720037,0.6329113924050632,0.22123893805309736,0.18248175182481752,3,3,2020-10-17 15:00:00,1602943200.0,0.5219073599957401,0.0,0.4780926400042599,0.406441129908187,0.37231993203871566,0.22123893805309736
Manchester City,Arsenal,1019.1980866390006,1010.6557286980611,0.6493506493506493,0.21008403361344538,0.17667844522968199,1,0,2020-10-17 17:30:00,1602952200.0,0.4628923534303098,0.0,0.5371076465696902,0.3656460606928498,0.4242699056937049,0.21008403361344538
Newcastle,Manchester Utd,995.9155989806725,1002.7093798403573,0.2159827213822894,0.24154589371980673,0.5813953488372093,1,4,2020-10-17 20:00:00,1602961200.0,0.5398612501784954,0.0,0.4601387498215046,0.40945998201943856,0.3489941242607547,0.24154589371980673
Sheffield Utd,Fulham,940.8585818009486,939.5062294188067,0.4366812227074236,0.31446540880503143,0.2881844380403458,1,1,2020-10-18 12:00:00,1603018800.0,0.5021436123856675,0.0,0.4978563876143325,0.34423681603797335,0.3412977751569953,0.31446540880503143
Crystal Palace,Brighton,997.2261484089072,972.757168216459,0.3236245954692557,0.30959752321981426,0.4065040650406504,1,1,2020-10-18 14:00:00,1603026000.0,0.5387005854846508,0.0,0.46129941451534917,0.3719202184615391,0.3184822583186466,0.30959752321981426
Tottenham,West Ham,1015.5241068556205,1006.0440119696725,0.6134969325153374,0.23752969121140144,0.18484288354898337,3,3,2020-10-18 16:30:00,1603035000.0,0.5150220091109348,0.0,0.48497799088906524,0.39268899031973886,0.3697813184688597,0.23752969121140144
Leicester,Aston Villa,1012.7026236119336,1061.134201200793,0.42016806722689076,0.27932960893854747,0.3389830508474576,0,1,2020-10-18 19:15:00,1603044900.0,0.47398006090165445,0.0,0.5260199390983455,0.3415833958453264,0.3790869952161261,0.27932960893854747
West Brom,Burnley,955.4130973172714,953.4716545288907,0.38759689922480617,0.3048780487804878,0.34602076124567477,0,0,2020-10-19 17:30:00,1603125000.0,0.5030773569566495,0.0,0.49692264304335054,0.3497001139820612,0.34542183723745096,0.3048780487804878
Leeds,Wolves,997.1606388488544,1013.4183597779434,0.40485829959514175,0.2976190476190476,0.33783783783783783,0,1,2020-10-19 20:00:00,1603134000.0,0.5249304491060128,0.0,0.47506955089398717,0.3687011487768423,0.33367980360411004,0.2976190476190476
Aston Villa,Leeds,1042.2209592382562,1016.0738808113913,0.5208333333333334,0.2518891687657431,0.267379679144385,0,3,2020-10-23 20:00:00,1603479600.0,0.5910388113292756,0.0,0.4089611886707244,0.4421625364352515,0.3059482947990054,0.2518891687657431
West Ham,Manchester City,1006.6494902216501,1018.592608387023,0.14814814814814814,0.19569471624266144,0.6944444444444444,1,1,2020-10-24 12:30:00,1603539000.0,0.4810788046256986,0.0,0.5189211953743014,0.38693422446411374,0.41737105929322477,0.19569471624266144
Fulham,Crystal Palace,926.1401427346225,1010.5922350930914,0.3861003861003861,0.31347962382445144,0.3389830508474576,1,2,2020-10-24 15:00:00,1603548000.0,0.4176902088807552,0.0,0.5823097911192447,0.2867528393256595,0.39976753684988897,0.31347962382445144
Manchester Utd,Chelsea,1003.259599086215,1014.1117328326947,0.3846153846153846,0.28735632183908044,0.3663003663003663,0,0,2020-10-24 17:30:00,1603557000.0,0.48280564856694774,0.0,0.5171943514330523,0.3440683932316179,0.36857528492930164,0.28735632183908044
Liverpool,Sheffield Utd,1044.2636444614272,928.9786019460248,0.819672131147541,0.13679890560875513,0.078064012490242,2,1,2020-10-24 20:00:00,1603566000.0,0.6287506295336305,0.0,0.3712493704663695,0.542738231512614,0.3204628628786309,0.13679890560875513
Southampton,Everton,1019.4598302909905,1039.7989369097609,0.32679738562091504,0.28169014084507044,0.4329004329004329,2,0,2020-10-25 14:00:00,1603634400.0,0.41786398378166584,0.0,0.5821360162183342,0.3001558193361261,0.4181540398188034,0.28169014084507044
Wolves,Newcastle,1012.613009024969,996.7209497336469,0.5434782608695653,0.2898550724637681,0.20449897750511245,1,1,2020-10-25 16:30:00,1603643400.0,0.5251672110304497,0.0,0.4748327889695503,0.37294483102162374,0.3372000965146082,0.2898550724637681
Arsenal,Leicester,994.7499906017961,1028.6083617081988,0.5128205128205129,0.2824858757062147,0.24213075060532688,0,1,2020-10-25 19:15:00,1603653300.0,0.49705431550828466,0.0,0.5029456844917153,0.3566434919183737,0.3608706323754115,0.2824858757062147
Brighton,West Brom,971.95910705538,956.2111584783505,0.5952380952380952,0.25252525252525254,0.19455252918287938,1,1,2020-10-26 17:30:00,1603733400.0,0.5249394112837212,0.0,0.47506058871627876,0.3923789538888421,0.3550957935859053,0.25252525252525254
Burnley,Tottenham,940.2992737679917,1028.6964876165196,0.1736111111111111,0.2298850574712644,0.6369426751592357,0,1,2020-10-26 20:00:00,1603742400.0,0.4116368987780921,0.0,0.5883631012219079,0.3170077266451974,0.45310721588353825,0.2298850574712644
Wolves,Crystal Palace,1028.5199499956886,994.6852941223717,0.48780487804878053,0.31545741324921134,0.2347417840375587,2,0,2020-10-30 20:00:00,1604088000.0,0.5029080946650101,0.0,0.4970919053349899,0.3442620080198965,0.3402805787308921,0.31545741324921134
Sheffield Utd,Manchester City,917.0163336080416,1030.5548767250061,0.09259259259259259,0.16583747927031509,0.7751937984496123,0,1,2020-10-31 12:30:00,1604147400.0,0.3738208855619756,0.0,0.6261791144380244,0.31182737220178064,0.5223351485279043,0.16583747927031509
Burnley,Chelsea,927.6482293601164,1026.76277724057,0.1763668430335097,0.234192037470726,0.628930817610063,0,3,2020-10-31 15:00:00,1604156400.0,0.3953451377461049,0.0,0.6046548622538951,0.30275845443319976,0.4630495080960742,0.234192037470726
Liverpool,West Ham,1058.538184589335,992.3749500937422,0.7042253521126761,0.19157088122605365,0.13966480446927373,2,1,2020-10-31 17:30:00,1604165400.0,0.5539206210028788,0.0,0.44607937899712125,0.4478055595080744,0.3606235592658719,0.19157088122605365
Aston Villa,Southampton,1025.1742674813174,1036.5065220479291,0.3891050583657587,0.27932960893854747,0.36900369003690037,3,4,2020-11-01 12:00:00,1604232000.0,0.5327091174043367,0.0,0.4672908825956633,0.38390768796178454,0.33676270309966794,0.27932960893854747
Newcastle,Everton,1014.6946606701263,1021.8252259732815,0.2958579881656805,0.29940119760479045,0.44052863436123346,2,1,2020-11-01 14:00:00,1604239200.0,0.4383215332350184,0.0,0.5616784667649817,0.3070875412484859,0.3935112611467237,0.29940119760479045
Manchester Utd,Arsenal,986.8677954763776,1011.1417942116334,0.5025125628140703,0.2770083102493075,0.2570694087403599,0,1,2020-11-01 16:30:00,1604248200.0,0.5122438628074168,0.0,0.48775613719258315,0.3703480559355562,0.3526436338151363,0.2770083102493075
Tottenham,Brighton,1042.1066160620112,958.5489786098884,0.6329113924050632,0.234192037470726,0.17094017094017094,2,1,2020-11-01 19:15:00,1604258100.0,0.5809334860783897,0.0,0.4190665139216103,0.44488348933871996,0.320924473190554,0.234192037470726
Fulham,West Brom,943.5215165552864,938.8297846576866,0.4098360655737705,0.3058103975535168,0.3236245954692557,2,0,2020-11-02 17:30:00,1604338200.0,0.45683206810425275,0.0,0.5431679318957472,0.31712807174209595,0.3770615307043872,0.3058103975535168
Leeds,Leicester,1000.6508646840099,1044.0313778355803,0.41152263374485604,0.27548209366391185,0.35335689045936397,1,4,2020-11-02 20:00:00,1604347200.0,0.4819692539806692,0.0,0.5180307460193307,0.34919535481244074,0.37532255152364735,0.27548209366391185
Brighton,Burnley,957.1296868569273,929.0675211130775,0.49504950495049505,0.29239766081871343,0.24154589371980673,0,0,2020-11-06 17:30:00,1604683800.0,0.5443528672800358,0.0,0.45564713271996415,0.3851853622273938,0.32241697695389276,0.29239766081871343
Southampton,Newcastle,1051.503366269234,999.6978164488214,0.46511627906976744,0.28653295128939826,0.2849002849002849,2,0,2020-11-06 20:00:00,1604692800.0,0.5313486180842232,0.0,0.4686513819157768,0.37909973038100736,0.3343673183295944,0.28653295128939826
Everton,Manchester Utd,1004.2207873304792,1004.4722341191799,0.31347962382445144,0.27548209366391185,0.4464285714285714,1,3,2020-11-07 12:30:00,1604752200.0,0.5501387075875699,0.0,0.4498612924124301,0.39858534461578754,0.3259325617203006,0.27548209366391185
Crystal Palace,Leeds,1010.9599918044713,984.3761670019103,0.34965034965034963,0.2898550724637681,0.4,4,1,2020-11-07 15:00:00,1604761200.0,0.49141569743438807,0.0,0.5085843025656119,0.3489763648447104,0.36116856269152153,0.2898550724637681
Chelsea,Sheffield Utd,1037.870410490846,905.9087003577654,0.7246376811594204,0.2008032128514056,0.11325028312570781,4,1,2020-11-07 17:30:00,1604770200.0,0.6528864609288686,0.0,0.3471135390711314,0.5217847619471682,0.2774120252014263,0.2008032128514056
West Ham,Fulham,1006.1398772721901,929.7565893768385,0.5405405405405405,0.26246719160104987,0.23752969121140144,1,0,2020-11-07 20:00:00,1604779200.0,0.5698460256735037,0.0,0.43015397432649627,0.4202801396699594,0.31725266872899066,0.26246719160104987
West Brom,Tottenham,927.4505559385268,1053.485844781171,0.15220700152207,0.2150537634408602,0.6711409395973155,0,1,2020-11-08 12:00:00,1604836800.0,0.3556008974737425,0.0,0.6443991025262574,0.2791275861890667,0.505818650370073,0.2150537634408602
Leicester,Wolves,1059.3175244109339,1013.233803420335,0.4273504273504274,0.31446540880503143,0.2958579881656805,1,0,2020-11-08 14:00:00,1604844000.0,0.5223079195201995,0.0,0.4776920804798005,0.35806014608617454,0.3274744451087941,0.31446540880503143
Manchester City,Liverpool,1031.8407762982029,1057.2522850161383,0.5181347150259067,0.23866348448687355,0.27624309392265195,1,1,2020-11-08 16:30:00,1604853000.0,0.45981563833760314,0.0,0.5401843616623969,0.3500744358703947,0.41126207964273176,0.23866348448687355
Arsenal,Aston Villa,995.7876623349446,1040.5283993580063,0.6060606060606061,0.23094688221709006,0.19685039370078738,0,3,2020-11-08 19:15:00,1604862900.0,0.4798166211465249,0.0,0.5201833788534751,0.3690044684567963,0.40004864932611367,0.23094688221709006
Newcastle,Chelsea,985.4486899141791,1052.1195370254884,0.1400560224089636,0.20964360587002098,0.6896551724137931,0,2,2020-11-21 12:30:00,1605961800.0,0.44528520420757073,0.0,0.5547147957924292,0.35193400835692695,0.43842238577305204,0.20964360587002098
Aston Villa,Brighton,1020.759850922185,976.8982352927485,0.4366812227074236,0.2808988764044944,0.3194888178913738,1,2,2020-11-21 15:00:00,1605970800.0,0.6177671386194128,0.0,0.3822328613805872,0.4442370435016002,0.2748640800939054,0.2808988764044944
Tottenham,Manchester City,1068.4903401348881,1016.8362809444857,0.24038461538461536,0.24330900243309006,0.5524861878453039,2,0,2020-11-21 17:30:00,1605979800.0,0.5311095201963391,0.0,0.46889047980366094,0.4018857926546507,0.35480520491225925,0.24330900243309006
Manchester Utd,West Brom,1016.9822399784794,914.9405500792274,0.7575757575757576,0.1736111111111111,0.10905125408942203,1,0,2020-11-21 20:00:00,1605988800.0,0.6090623168968927,0.0,0.3909376831031073,0.5033223313245154,0.32306655756437336,0.1736111111111111
Fulham,Everton,917.134232440249,1016.8431442670687,0.234192037470726,0.2631578947368421,0.5405405405405405,2,3,2020-11-22 12:00:00,1606046400.0,0.39444865426842407,0.0,0.605551345731576,0.2906463768293651,0.44619572843379285,0.2631578947368421
Sheffield Utd,West Ham,894.4005891833561,1017.6479884465994,0.3184713375796178,0.3115264797507788,0.4098360655737705,0,1,2020-11-22 14:00:00,1606053600.0,0.3596284742002891,0.0,0.6403715257997109,0.24759468161452924,0.4408788386346919,0.3115264797507788
Leeds,Arsenal,984.9014968896424,995.2623324472124,0.2881844380403458,0.2631578947368421,0.48780487804878053,0,0,2020-11-22 16:30:00,1606062600.0,0.48358344100837203,0.0,0.516416558991628,0.356324640743011,0.38051746452014695,0.2631578947368421
Liverpool,Leicester,1073.3473916848545,1043.2224177422177,0.5617977528089888,0.24390243902439027,0.23201856148491876,3,0,2020-11-22 19:15:00,1606072500.0,0.49702791660261736,0.0,0.5029720833973826,0.3758015954800278,0.380295965495582,0.24390243902439027
Burnley,Crystal Palace,948.7704861129415,991.2570268046073,0.37453183520599254,0.3215434083601286,0.3424657534246575,1,0,2020-11-23 17:30:00,1606152600.0,0.38428234375425135,0.0,0.6157176562457487,0.2607188891708908,0.4177377024689806,0.3215434083601286
Wolves,Southampton,1014.9890888548442,1049.7480808347248,0.4273504273504274,0.30959752321981426,0.30303030303030304,1,1,2020-11-23 20:00:00,1606161600.0,0.4451473301715871,0.0,0.5548526698284129,0.30733081928255085,0.3830716574976349,0.30959752321981426
Crystal Palace,Newcastle,974.9895679220775,1001.7161487967089,0.4629629629629629,0.3115264797507788,0.2631578947368421,0,2,2020-11-27 20:00:00,1606507200.0,0.5083580900790564,0.0,0.4916419099209436,0.34999108382389865,0.3384824364253225,0.3115264797507788
Brighton,Liverpool,981.2291975737894,1069.0164294038136,0.20449897750511245,0.23640661938534277,0.5988023952095809,1,1,2020-11-28 12:30:00,1606566600.0,0.36465742871747275,0.0,0.6353425712825272,0.2784499987606234,0.48514338185403383,0.23640661938534277
Manchester City,Burnley,1029.7412307069976,935.8655363504295,0.8849557522123894,0.1004016064257028,0.04985044865403789,5,0,2020-11-28 15:00:00,1606575600.0,0.5967203199214989,0.0,0.4032796800785011,0.5368086412145211,0.3627897523597761,0.1004016064257028
Everton,Leeds,999.3763073491148,1002.3683338075964,0.43859649122807015,0.2724795640326976,0.3278688524590164,0,1,2020-11-28 17:30:00,1606584600.0,0.5458386536860599,0.0,0.4541613463139401,0.39710877529748767,0.33041166066981476,0.2724795640326976
West Brom,Sheffield Utd,929.9957503678603,879.3453888947232,0.37593984962406013,0.3164556962025316,0.3472222222222222,1,0,2020-11-28 20:00:00,1606593600.0,0.5295249909802209,0.0,0.4704750090197791,0.3619537913029358,0.32159051249453263,0.3164556962025316
Southampton,Manchester Utd,1032.2436156641197,1034.4867051490844,0.2570694087403599,0.26881720430107525,0.5128205128205129,2,3,2020-11-29 14:00:00,1606658400.0,0.5470145365814063,0.0,0.4529854634185937,0.3999676181455444,0.33121517755338037,0.26881720430107525
Chelsea,Tottenham,1052.8728829267327,1067.7369942336438,0.4926108374384236,0.2747252747252747,0.2680965147453083,0,0,2020-11-29 16:30:00,1606667400.0,0.4764579405861152,0.0,0.5235420594138849,0.3455629019635561,0.3797118233111693,0.2747252747252747
Arsenal,Wolves,980.1698081999845,1030.0816131020722,0.4807692307692307,0.30120481927710846,0.25839793281653745,1,2,2020-11-29 19:15:00,1606677300.0,0.47164138272587397,0.0,0.528358617274126,0.3295807252783216,0.36921445544457,0.30120481927710846
Leicester,Fulham,1021.6580095106017,938.698640671865,0.625,0.24038461538461536,0.17391304347826086,1,2,2020-11-30 17:30:00,1606757400.0,0.6738877572379992,0.0,0.3261122427620008,0.5118955079019417,0.2477198767134429,0.24038461538461536
West Ham,Aston Villa,1033.7912911775752,1004.6165481912091,0.4273504273504274,0.2849002849002849,0.3278688524590164,2,1,2020-11-30 20:00:00,1606766400.0,0.495521789657002,0.0,0.504478210342998,0.3543474906094231,0.36075222449029204,0.2849002849002849
Burnley,Everton,938.7581675488811,996.4836761506631,0.2631578947368421,0.28169014084507044,0.4926108374384236,1,1,2020-12-05 12:30:00,1607171400.0,0.40960527504838595,0.0,0.590394724951614,0.2942235074291223,0.4240863517258072,0.28169014084507044
Manchester City,Fulham,1041.6419642696544,926.7979071092082,0.8928571428571428,0.09803921568627452,0.04608294930875576,2,0,2020-12-05 15:00:00,1607180400.0,0.6281020761669741,0.0,0.3718979238330259,0.5665234412486433,0.33543734306508216,0.09803921568627452
West Ham,Manchester Utd,1017.8233161316937,1050.454680194966,0.29411764705882354,0.2857142857142857,0.4608294930875576,1,3,2020-12-05 17:30:00,1607189400.0,0.4989992201837977,0.0,0.5010007798162023,0.3564280144169984,0.3578576998687159,0.2857142857142857
Chelsea,Leeds,1066.563307212768,988.677909521561,0.6802721088435374,0.20161290322580647,0.15723270440251572,3,1,2020-12-05 20:00:00,1607198400.0,0.5721742410613937,0.0,0.4278257589386063,0.45681653116998366,0.34157056560420984,0.20161290322580647
West Brom,Crystal Palace,916.0562860660492,988.9290322238886,0.3333333333333333,0.30303030303030304,0.40485829959514175,1,5,2020-12-06 12:00:00,1607256000.0,0.4356082594315977,0.0,0.5643917405684022,0.30360575657353783,0.3933639403961592,0.30303030303030304
Sheffield Utd,Leicester,869.5556342936991,1031.4477641116257,0.24449877750611249,0.2824858757062147,0.5102040816326531,1,2,2020-12-06 14:15:00,1607264100.0,0.30592983128200313,0.0,0.6940701687179969,0.21950897498765196,0.4980051493061333,0.2824858757062147
Tottenham,Arsenal,1079.7876496274496,968.1191528061787,0.4566210045662101,0.2857142857142857,0.2949852507374631,2,0,2020-12-06 16:30:00,1607272200.0,0.6234170189435713,0.0,0.37658298105642873,0.44529787067397947,0.26898784361173483,0.2857142857142857
Liverpool,Wolves,1083.2308830221075,1015.8671594837782,0.628930817610063,0.23255813953488372,0.1763668430335097,4,0,2020-12-06 19:15:00,1607282100.0,0.5557983244283144,0.0,0.44420167557168555,0.42654290014265994,0.34089896032245637,0.23255813953488372
Brighton,Southampton,967.5617594882262,1045.9110537496829,0.4081632653061224,0.29411764705882354,0.3367003367003367,1,2,2020-12-07 20:00:00,1607371200.0,0.42710744017384766,0.0,0.5728925598261523,0.3014876048285983,0.40439474811257803,0.29411764705882354
Leeds,West Ham,974.0169655612403,1032.4842600920142,0.4672897196261683,0.26595744680851063,0.3058103975535168,1,2,2020-12-11 20:00:00,1607716800.0,0.4581544987600192,0.0,0.5418455012399808,0.3363048980259715,0.3977376551655178,0.26595744680851063
Wolves,Aston Villa,999.3492307049216,1021.1344769700656,0.3891050583657587,0.3067484662576687,0.3436426116838488,0,1,2020-12-12 12:30:00,1607776200.0,0.5161852743392684,0.0,0.4838147256607316,0.35784623313090386,0.3354053006114274,0.3067484662576687
Newcastle,West Brom,1013.8493992089565,903.9230356538017,0.4081632653061224,0.3067484662576687,0.3215434083601286,2,1,2020-12-12 15:00:00,1607785200.0,0.6208359246172648,0.0,0.3791640753827352,0.43039545694325715,0.26285607679907413,0.3067484662576687
Manchester Utd,Manchester City,1050.048926643451,1042.0477178211693,0.21645021645021645,0.23696682464454974,0.5847953216374269,0,0,2020-12-12 17:30:00,1607794200.0,0.512679798484836,0.0,0.487320201515164,0.3911916945784768,0.37184148077697343,0.23696682464454974
Everton,Chelsea,1015.6678957092065,1047.3790876542246,0.20964360587002098,0.23364485981308414,0.5952380952380952,1,0,2020-12-12 20:00:00,1607803200.0,0.40049313879551995,0.0,0.59950686120448,0.3069199755255386,0.45943516466137724,0.23364485981308414
Southampton,Sheffield Utd,1054.421987416796,861.0447006265861,0.6097560975609756,0.24937655860349128,0.18214936247723132,3,0,2020-12-13 12:00:00,1607860800.0,0.7340333229027171,0.0,0.26596667709728294,0.5509826189369522,0.19964082245955653,0.24937655860349128
Crystal Palace,Tottenham,993.0203814585936,1075.6963003927447,0.23809523809523808,0.26246719160104987,0.5405405405405405,1,1,2020-12-13 14:15:00,1607868900.0,0.3721453364154689,0.0,0.6278546635845311,0.2744693950990728,0.46306341329987727,0.26246719160104987
Fulham,Liverpool,933.5515827695982,1076.4772073617175,0.11976047904191617,0.18083182640144665,0.7407407407407407,1,1,2020-12-13 16:30:00,1607877000.0,0.2889476356128122,0.0,0.7110523643871878,0.23669670693056769,0.5824714666679857,0.18083182640144665
Leicester,Brighton,1044.5384208343478,954.471102765504,0.4926108374384236,0.28169014084507044,0.2638522427440633,3,0,2020-12-13 19:15:00,1607886900.0,0.5909169774149321,0.0,0.4090830225850679,0.42446149081917656,0.29384836833575295,0.28169014084507044
Arsenal,Burnley,950.7702390519612,956.1070813030987,0.6896551724137931,0.2136752136752137,0.13351134846461948,0,1,2020-12-13 19:15:00,1607886900.0,0.542153554819297,0.0,0.45784644518070305,0.426308778148507,0.3600160081762793,0.2136752136752137
Wolves,Chelsea,1017.5471042792757,1029.1812140798704,0.18348623853211007,0.2631578947368421,0.591715976331361,2,1,2020-12-15 18:00:00,1608055200.0,0.43131645080143544,0.0,0.5686835491985646,0.31781212164316297,0.419029983619995,0.2631578947368421
Manchester City,West Brom,1036.0020409153994,909.9687125595715,0.9090909090909091,0.08896797153024912,0.04032258064516129,1,1,2020-12-15 20:00:00,1608062400.0,0.6889274033053053,0.0,0.31107259669469467,0.6276349297016305,0.2833970987681204,0.08896797153024912
Leicester,Everton,1027.2119357203264,1032.9943808232279,0.4694835680751174,0.2840909090909091,0.2849002849002849,0,2,2020-12-16 18:00:00,1608141600.0,0.5414526598131707,0.0,0.4585473401868293,0.38763088145715624,0.3282782094519346,0.2840909090909091
Leeds,Newcastle,991.8433220915304,996.0230426786665,0.625,0.2277904328018223,0.18484288354898337,5,2,2020-12-16 18:00:00,1608141600.0,0.44292635842843636,0.0,0.5570736415715636,0.3420319715426878,0.43017759565548985,0.2277904328018223
Arsenal,Southampton,955.4068309363224,1049.7853955324347,0.4608294930875576,0.2849002849002849,0.29411764705882354,1,1,2020-12-16 18:00:00,1608141600.0,0.35510650361371254,0.0,0.6448934963862875,0.2539365595642218,0.46116315553549336,0.2849002849002849
West Ham,Crystal Palace,1030.6746570236455,994.8299845269622,0.46511627906976744,0.29411764705882354,0.28328611898017,1,1,2020-12-16 20:00:00,1608148800.0,0.556550095886519,0.0,0.44344990411348095,0.3928588912140134,0.313023461727163,0.29411764705882354
Liverpool,Tottenham,1092.4412453273603,1059.732262427102,0.5464480874316939,0.2557544757033248,0.23584905660377356,2,1,2020-12-16 20:00:00,1608148800.0,0.5011238135736643,0.0,0.4988761864263357,0.37295915537068114,0.3712863689259941,0.2557544757033248
Fulham,Brighton,934.5137997442414,953.5088857908609,0.3412969283276451,0.303951367781155,0.39370078740157477,0,0,2020-12-16 20:00:00,1608148800.0,0.469930719542401,0.0,0.530069280457599,0.3270946345751059,0.3689539976437392,0.303951367781155
Aston Villa,Burnley,1018.1743391393733,959.067219133791,0.5405405405405405,0.2645502645502646,0.2331002331002331,0,0,2020-12-17 18:00:00,1608228000.0,0.5925043072091354,0.0,0.4074956927908646,0.4357571359897873,0.29969259945994803,0.2645502645502646
Sheffield Utd,Manchester Utd,852.9808326809505,1058.1127945890867,0.13736263736263735,0.2092050209205021,0.6944444444444444,2,3,2020-12-17 20:00:00,1608235200.0,0.25199587330111284,0.0,0.7480041266988872,0.19927707135527334,0.5915179077242246,0.2092050209205021
Crystal Palace,Liverpool,983.2104974402462,1104.0607324140765,0.18726591760299627,0.24390243902439027,0.6097560975609756,0,7,2020-12-19 12:30:00,1608381000.0,0.363108971459877,0.0,0.636891028540123,0.27454580768917525,0.4815517532864345,0.24390243902439027
Southampton,Manchester City,1033.1509813827124,1052.6364550651217,0.1631321370309951,0.21551724137931033,0.6578947368421053,0,1,2020-12-19 15:00:00,1608390000.0,0.5198254421788174,0.0,0.48017455782118257,0.4077940968816585,0.3766886617390312,0.21551724137931033
Everton,Arsenal,1045.479576024906,942.9216357346444,0.37453183520599254,0.29069767441860467,0.37453183520599254,2,1,2020-12-19 17:30:00,1608399000.0,0.6098376499475611,0.0,0.39016235005243893,0.4325592633348979,0.27674306224649736,0.29069767441860467
Newcastle,Fulham,993.2196645401713,937.3171778827366,0.35211267605633806,0.3003003003003003,0.38759689922480617,1,1,2020-12-19 20:00:00,1608408000.0,0.5876055668279757,0.0,0.4123944331720243,0.4111474386514064,0.2885522610482933,0.3003003003003003
Brighton,Sheffield Utd,949.0044058888722,857.4853125829392,0.53475935828877,0.2881844380403458,0.21645021645021645,1,1,2020-12-20 12:00:00,1608465600.0,0.6407649969371481,0.0,0.35923500306285194,0.45610649637889217,0.25570906558076206,0.2881844380403458
Tottenham,Leicester,1042.2390043790394,1044.7051937683889,0.47846889952153115,0.2857142857142857,0.27548209366391185,0,2,2020-12-20 14:15:00,1608473700.0,0.5466643140019479,0.0,0.4533356859980521,0.3904745100013914,0.3238112042843229,0.2857142857142857
Manchester Utd,Leeds,1071.09745159837,978.858665082247,0.5813953488372093,0.23148148148148145,0.22522522522522526,6,2,2020-12-20 16:30:00,1608481800.0,0.5942294684598931,0.0,0.4057705315401069,0.45667635076084384,0.31184216775767476,0.23148148148148145
West Brom,Aston Villa,898.7966694364296,1029.3463822625151,0.21413276231263384,0.2481389578163772,0.5780346820809249,0,3,2020-12-20 19:15:00,1608491700.0,0.3491263475981848,0.0,0.6508736524018153,0.26249449955893295,0.48936654262468987,0.2481389578163772
Burnley,Wolves,977.7351694491683,998.8791539638984,0.2881844380403458,0.3236245954692557,0.4273504273504274,2,1,2020-12-21 17:30:00,1608571800.0,0.41662655264445975,0.0,0.5833734473555403,0.2817959530831459,0.39457945144759843,0.3236245954692557
Chelsea,West Ham,1045.249989245479,1014.605881858037,0.6369426751592357,0.2298850574712644,0.17211703958691912,3,0,2020-12-21 20:00:00,1608580800.0,0.4978507760747354,0.0,0.5021492239252646,0.38340232180468126,0.3867126207240543,0.2298850574712644
Leicester,Manchester Utd,1045.9182697509357,1069.8843756158233,0.33222591362126247,0.2801120448179272,0.4273504273504274,2,2,2020-12-26 12:30:00,1608985800.0,0.4620913755454158,0.0,0.5379086244545842,0.3326540154486607,0.38723393973341214,0.2801120448179272
Fulham,Southampton,941.621865888384,1028.846293377065,0.3448275862068966,0.30303030303030304,0.390625,0,0,2020-12-26 15:00:00,1608994800.0,0.3654784998235157,0.0,0.6345215001764843,0.2547274392709352,0.44224225769876185,0.30303030303030304
Aston Villa,Crystal Palace,1043.2341467787628,969.3227329239985,0.5524861878453039,0.2597402597402597,0.22883295194508008,3,0,2020-12-26 15:00:00,1608994800.0,0.5660073588672595,0.0,0.4339926411327405,0.41899246046017913,0.32126727979956116,0.2597402597402597
Arsenal,Chelsea,963.502339527278,1024.6692854528453,0.20790020790020788,0.2557544757033248,0.5747126436781609,3,1,2020-12-26 17:30:00,1609003800.0,0.3568530064801995,0.0,0.6431469935198004,0.26558625290470095,0.47865927139197423,0.2557544757033248
Sheffield Utd,Everton,849.386326312334,1053.5785622955113,0.28901734104046245,0.3003003003003003,0.4484304932735426,0,1,2020-12-26 20:00:00,1609012800.0,0.253093320956415,0.0,0.746906679043585,0.1770893206692033,0.5226103790304965,0.3003003003003003
Manchester City,Newcastle,1065.9265772735992,979.9295423316939,0.8849557522123894,0.10604453870625663,0.048828125,2,0,2020-12-26 20:00:00,1609012800.0,0.5846836809850828,0.0,0.41531631901491717,0.5226811697459436,0.3712742915477998,0.10604453870625663
Leeds,Burnley,994.8069263766499,961.7869081547653,0.5847953216374269,0.24154589371980673,0.2114164904862579,1,0,2020-12-27 12:00:00,1609070400.0,0.5016168345499071,0.0,0.49838316545009287,0.3804533479436494,0.3780007583365439,0.24154589371980673
West Ham,Brighton,1011.6202193818687,951.9900683650405,0.42372881355932196,0.30120481927710846,0.31446540880503143,2,2,2020-12-27 14:15:00,1609078500.0,0.5933019523802624,0.0,0.4066980476197376,0.41459654503680987,0.2841986356860817,0.30120481927710846
Liverpool,West Brom,1095.5732298533212,907.284171997185,0.8849557522123894,0.10764262648008613,0.048216007714561235,1,1,2020-12-27 16:30:00,1609086600.0,0.7652344550236044,0.0,0.23476554497639557,0.6828626084118062,0.20949476510810755,0.10764262648008613
Wolves,Tottenham,1000.86564638023,1040.2525119627078,0.2785515320334262,0.29940119760479045,0.4608294930875576,1,1,2020-12-27 19:15:00,1609096500.0,0.43792211198963693,0.0,0.5620778880103631,0.3068077072023205,0.3937910951928891,0.29940119760479045
Crystal Palace,Leicester,972.7940312407649,1042.4469714341692,0.2949852507374631,0.29325513196480935,0.4504504504504505,1,1,2020-12-28 15:00:00,1609167600.0,0.39152192760104937,0.0,0.6084780723989507,0.2767061130552871,0.43003875497990357,0.29325513196480935
Chelsea,Aston Villa,1025.5234161649225,1042.3800160666856,0.5555555555555556,0.2506265664160401,0.2331002331002331,1,1,2020-12-28 17:30:00,1609176600.0,0.47330841524758466,0.0,0.5266915847524154,0.3546847522782652,0.39468868130569473,0.2506265664160401
West Brom,Leeds,895.2315950555096,1006.8595033183253,0.23696682464454974,0.2518891687657431,0.5494505494505495,0,5,2020-12-29 18:00:00,1609264800.0,0.37664302942735456,0.0,0.6233569705726454,0.2817707298234869,0.46634010141077,0.2518891687657431
Southampton,West Ham,1028.053652746716,1012.4128600122176,0.4926108374384236,0.27932960893854747,0.2680965147453083,0,0,2020-12-29 18:00:00,1609264800.0,0.5247700196984056,0.0,0.47522998030159436,0.3781862153133761,0.3424841757480764,0.27932960893854747
Burnley,Sheffield Utd,972.7840021009089,838.3892323661904,0.4184100418410042,0.31347962382445144,0.3076923076923077,1,0,2020-12-29 18:00:00,1609264800.0,0.656340814183016,0.0,0.34365918581698396,0.45059134265228995,0.23592903352325856,0.31347962382445144
Brighton,Arsenal,936.5200341039827,978.9723737883359,0.2710027100271003,0.2881844380403458,0.4807692307692307,0,1,2020-12-29 18:00:00,1609264800.0,0.4834385706580582,0.0,0.5165614293419418,0.3441190978459377,0.36769646411371654,0.2881844380403458
Manchester Utd,Wolves,1082.7471057504108,988.0029162456425,0.6451612903225806,0.23255813953488372,0.16,1,0,2020-12-29 20:00:00,1609272000.0,0.5980396832941385,0.0,0.4019603167058615,0.45896068717922256,0.30848117328589375,0.23255813953488372
Newcastle,Liverpool,985.0668009127288,1090.4359712722865,0.09505703422053233,0.16556291390728478,0.78125,0,0,2020-12-30 20:00:00,1609358400.0,0.33946066934266167,0.0,0.6605393306573384,0.2832585717693733,0.551178514323342,0.16556291390728478
Everton,West Ham,1035.6916333140325,1030.2997889936964,0.4504504504504505,0.2881844380403458,0.29940119760479045,0,1,2021-01-01 17:30:00,1609522200.0,0.5589665306712166,0.0,0.4410334693287834,0.39788107514637033,0.3139344868132839,0.2881844380403458
Manchester Utd,Aston Villa,1096.8964524993498,1028.2306693177466,0.5882352941176471,0.24154589371980673,0.20964360587002098,2,1,2021-01-01 20:00:00,1609531200.0,0.5578329140956524,0.0,0.4421670859043476,0.42309066431409387,0.3353634419660994,0.24154589371980673
Tottenham,Leeds,1054.7194248978465,992.3925903831866,0.5376344086021506,0.25125628140703515,0.2481389578163772,3,0,2021-01-02 12:30:00,1609590600.0,0.5479089707769155,0.0,0.45209102922308453,0.4102434002299518,0.33850031836301303,0.25125628140703515
Crystal Palace,Sheffield Utd,982.8957939119932,828.287469694962,0.48309178743961345,0.3048780487804878,0.2518891687657431,2,0,2021-01-02 15:00:00,1609599600.0,0.6843199165241141,0.0,0.31568008347588594,0.4756857956326158,0.2194361555868963,0.3048780487804878
Brighton,Wolves,938.8737069131894,985.6492434364358,0.35335689045936397,0.3278688524590164,0.35842293906810035,3,3,2021-01-02 17:30:00,1609608600.0,0.42644772471229103,0.0,0.5735522752877089,0.28662879857711365,0.3855023489638699,0.3278688524590164
West Brom,Arsenal,883.01501886433,991.1889499795154,0.16181229773462785,0.2481389578163772,0.628930817610063,0,4,2021-01-02 20:00:00,1609617600.0,0.38176800597436183,0.0,0.6182319940256382,0.2870364908442472,0.4648245513393756,0.2481389578163772
Newcastle,Leicester,971.6854897877399,1055.828282559158,0.16611295681063123,0.24509803921568626,0.628930817610063,1,2,2021-01-03 14:15:00,1609683300.0,0.4181659726559014,0.0,0.5818340273440986,0.31567431269121965,0.43922764809309406,0.24509803921568626
Chelsea,Manchester City,1011.3757083229627,1080.074285115559,0.29325513196480935,0.27624309392265195,0.4694835680751174,1,3,2021-01-03 16:30:00,1609691400.0,0.4421158700612448,0.0,0.5578841299387551,0.3199844142432214,0.40377249183412667,0.27624309392265195
Southampton,Liverpool,1046.8959859679164,1071.593638051086,0.16420361247947454,0.20703933747412007,0.6666666666666666,1,0,2021-01-04 20:00:00,1609790400.0,0.4111770868374823,0.0,0.5888229131625178,0.3260472551941112,0.4669134073317688,0.20703933747412007
Sheffield Utd,Newcastle,850.5401177233514,949.4328417593506,0.42194092827004215,0.3194888178913738,0.29673590504451036,1,0,2021-01-12 18:00:00,1610474400.0,0.30460474911283325,0.0,0.6953952508871668,0.20728693789467567,0.4732242442139506,0.3194888178913738
Wolves,Everton,971.9379754083023,1049.402901342166,0.3861003861003861,0.3389830508474576,0.31446540880503143,1,2,2021-01-12 20:15:00,1610482500.0,0.4284771258791677,0.0,0.5715228741208322,0.2832306425302973,0.37778630662224505,0.3389830508474576
Burnley,Manchester Utd,962.2682713050681,1107.4121832951905,0.12706480304955528,0.20491803278688525,0.7042253521126761,0,1,2021-01-12 20:15:00,1610482500.0,0.3286165873700246,0.0,0.6713834126299754,0.2612771227450195,0.5338048444680952,0.20491803278688525
Manchester City,Brighton,1089.9075899632749,929.0404020654734,0.8547008547008548,0.12804097311139565,0.05813953488372093,1,0,2021-01-13 18:00:00,1610560800.0,0.6927092235088753,0.0,0.3072907764911247,0.6040140604475597,0.2679449664410447,0.12804097311139565
Tottenham,Fulham,1049.6875781671984,946.6537126190321,0.6134969325153374,0.2604166666666667,0.16286644951140067,1,1,2021-01-13 20:15:00,1610568900.0,0.6572452103327547,0.0,0.34275478966724526,0.48608760347526647,0.2534957298580668,0.2604166666666667
Arsenal,Crystal Palace,990.8071085452409,983.2776353462677,0.591715976331361,0.2604166666666667,0.18484288354898337,0,0,2021-01-14 20:00:00,1610654400.0,0.5119325448210786,0.0,0.48806745517892136,0.3786167779405894,0.36096655539274386,0.2604166666666667
Wolves,West Brom,951.9300559921489,903.0229382804835,0.6097560975609756,0.2680965147453083,0.1610305958132045,2,3,2021-01-16 12:30:00,1610800200.0,0.6252474817547928,0.0,0.37475251824520717,0.45762081104305213,0.2742826742116396,0.2680965147453083
West Ham,Burnley,1043.2062582388558,949.3618020599088,0.5617977528089888,0.273972602739726,0.20366598778004072,1,0,2021-01-16 15:00:00,1610809200.0,0.5966728360887713,0.0,0.4033271639112287,0.43320082620143674,0.29282657105883725,0.273972602739726
Leeds,Brighton,973.5070240722218,947.9259683764382,0.44052863436123346,0.2840909090909091,0.3164556962025316,0,1,2021-01-16 15:00:00,1610809200.0,0.59017394721765,0.0,0.40982605278234996,0.4225108940308176,0.29339819687827323,0.2840909090909091
Fulham,Chelsea,933.6002654475842,1024.4291554944107,0.1594896331738437,0.24038461538461536,0.641025641025641,0,1,2021-01-16 17:30:00,1610818200.0,0.4079202241077472,0.0,0.5920797758922528,0.30986247792800026,0.4497529066873843,0.24038461538461536
Leicester,Southampton,1071.4170257042529,1031.3072428228215,0.5847953216374269,0.25839793281653745,0.19267822736030826,2,0,2021-01-16 20:00:00,1610827200.0,0.512851776715788,0.0,0.48714822328421203,0.38033193777113994,0.3612701294123226,0.25839793281653745
Sheffield Utd,Tottenham,842.8233174388895,1057.4043784516602,0.20449897750511245,0.2770083102493075,0.5555555555555556,1,3,2021-01-17 14:00:00,1610892000.0,0.24115000888943255,0.0,0.7588499911105675,0.17434945241036537,0.5486422373403271,0.2770083102493075
Liverpool,Manchester Utd,1073.237323897502,1105.7684974487745,0.5128205128205129,0.2577319587628866,0.26595744680851063,0,0,2021-01-17 16:30:00,1610901000.0,0.4486348172994966,0.0,0.5513651827005034,0.3330072870676676,0.40926075416944585,0.2577319587628866
Manchester City,Crystal Palace,1101.1456784816617,972.0395468278808,0.8474576271186441,0.13123359580052493,0.05970149253731343,4,0,2021-01-17 19:15:00,1610910900.0,0.6488097338004103,0.0,0.3511902661995897,0.563664099443401,0.30510230475607397,0.13123359580052493
Arsenal,Newcastle,1004.9107090699245,935.329241234667,0.6993006993006994,0.20964360587002098,0.1287001287001287,3,0,2021-01-18 20:00:00,1611000000.0,0.559262483603639,0.0,0.44073751639636105,0.44201667991314864,0.3483397142168304,0.20964360587002098
West Ham,West Brom,1053.079495587549,893.1497009317903,0.6451612903225806,0.23584905660377356,0.1557632398753894,2,1,2021-01-19 18:00:00,1611079200.0,0.691461332853339,0.0,0.308538667146661,0.5283808298218912,0.2357701135743353,0.23584905660377356
Leicester,Chelsea,1085.2662511865217,1010.5799300121419,0.35714285714285715,0.2881844380403458,0.3921568627450981,2,0,2021-01-19 20:15:00,1611087300.0,0.5672117036790992,0.0,0.43278829632090077,0.4037501176044309,0.3080654443552233,0.2881844380403458
Manchester City,Aston Villa,1113.8362626236287,1015.5400851757794,0.7633587786259541,0.1718213058419244,0.10277492291880781,2,0,2021-01-20 18:00:00,1611165600.0,0.6034192455635272,0.0,0.3965807544364728,0.4997389628206531,0.32843973133742244,0.1718213058419244
Fulham,Manchester Utd,924.9379035916589,1114.4308593046999,0.17761989342806395,0.24213075060532688,0.6172839506172839,1,2,2021-01-20 20:15:00,1611173700.0,0.2706988079976649,0.0,0.7293011920023351,0.20515430242922303,0.5527149469654501,0.24213075060532688
Liverpool,Burnley,1051.7626859873233,970.8364399700873,0.7575757575757576,0.17574692442882248,0.1002004008016032,0,1,2021-01-21 20:00:00,1611259200.0,0.6710824346930803,0.0,0.32891756530691973,0.5531417607575653,0.2711113148136122,0.17574692442882248
Aston Villa,Newcastle,1027.9104956100102,922.9588308004361,0.6578947368421053,0.2159827213822894,0.16181229773462785,2,0,2021-01-23 20:00:00,1611432000.0,0.6134246739302838,0.0,0.38657532606971623,0.4809355434917776,0.30308173512593306,0.2159827213822894
Newcastle,Leeds,909.2703744872218,987.1954803854361,0.24752475247524752,0.2506265664160401,0.5405405405405405,1,2,2021-01-26 18:00:00,1611684000.0,0.42776425978794486,0.0,0.5722357402120551,0.32055517212179324,0.42881826146216667,0.2506265664160401
Crystal Palace,West Ham,959.7053335641767,1065.4137088512532,0.2808988764044944,0.2976190476190476,0.4608294930875576,2,3,2021-01-26 18:00:00,1611684000.0,0.3854441644907537,0.0,0.6145558355092463,0.27072863934469604,0.4316523130362563,0.2976190476190476
West Brom,Manchester City,886.13551719852,1120.850446356899,0.05128205128205128,0.12048192771084336,0.8695652173913044,0,5,2021-01-26 20:15:00,1611692100.0,0.21919324166469883,0.0,0.7808067583353011,0.19278441736774718,0.6867336549214095,0.12048192771084336
Southampton,Arsenal,1014.0939710588394,1022.1239808339066,0.2824858757062147,0.2710027100271003,0.4854368932038835,1,3,2021-01-26 20:15:00,1611692100.0,0.5379147426244402,0.0,0.46208525737555983,0.3921383896096867,0.336858900363213,0.2710027100271003
Chelsea,Wolves,1007.9043697027932,954.6056163014975,0.6060606060606061,0.2604166666666667,0.17094017094017094,0,0,2021-01-27 18:00:00,1611770400.0,0.5836112596671447,0.0,0.41638874033285533,0.43162916079549235,0.3079541725378409,0.2604166666666667
Burnley,Aston Villa,989.4414073813069,1009.3055281987906,0.2277904328018223,0.267379679144385,0.5464480874316939,3,2,2021-01-27 18:00:00,1611770400.0,0.4185947683993873,0.0,0.5814052316006126,0.306671033533241,0.42594928732237397,0.267379679144385
Brighton,Fulham,946.8688710086695,925.9950009594276,0.4854368932038835,0.29673590504451036,0.25380710659898476,0,0,2021-01-27 19:30:00,1611775800.0,0.5330342927427694,0.0,0.46696570725723063,0.3748638794659832,0.3284002154895064,0.29673590504451036
Manchester Utd,Sheffield Utd,1087.9715050807051,869.2826716628842,0.7874015748031495,0.16501650165016502,0.0900900900900901,1,2,2021-01-27 20:15:00,1611778500.0,0.8268548194998342,0.0,0.1731451805001658,0.6904101298133929,0.14457336853644207,0.16501650165016502
Everton,Leicester,1051.0486287142267,1083.620523814461,0.31347962382445144,0.303951367781155,0.42016806722689076,1,1,2021-01-27 20:15:00,1611778500.0,0.44857101962309914,0.0,0.5514289803769008,0.31222724466167084,0.38382138755717415,0.303951367781155
Tottenham,Liverpool,1041.1445917450592,1068.0224726939243,0.2785515320334262,0.2610966057441253,0.49751243781094534,1,3,2021-01-28 20:00:00,1611864000.0,0.5081183345812804,0.0,0.4918816654187196,0.3754503621057503,0.3634530321501244,0.2610966057441253
Everton,Newcastle,1028.8592969255628,931.4597062758858,0.6369426751592357,0.24449877750611249,0.15748031496062992,0,2,2021-01-30 12:30:00,1612009800.0,0.6934166183957463,0.0,0.3065833816042537,0.5238771028955638,0.23162411959832369,0.24449877750611249
West Brom,Fulham,887.9631031906048,924.1674149673428,0.28169014084507044,0.303951367781155,0.45454545454545453,2,2,2021-01-30 15:00:00,1612018800.0,0.4428879377473498,0.0,0.5571120622526502,0.30827154329526785,0.3877770889235772,0.303951367781155
Manchester City,Sheffield Utd,1126.939659374832,863.1934586449512,0.8474576271186441,0.13550135501355015,0.05549389567147614,1,0,2021-01-30 15:00:00,1612018800.0,0.8097120931895934,0.0,0.19028790681040664,0.6999950073915454,0.16450363759490436,0.13550135501355015
Crystal Palace,Wolves,975.4704997698517,938.8404500958226,0.3389830508474576,0.3215434083601286,0.3802281368821293,1,0,2021-01-30 15:00:00,1612018800.0,0.5073385560726565,0.0,0.49266144392734346,0.3442071875605483,0.3342494040793231,0.3215434083601286
Arsenal,Manchester Utd,1025.120578250196,1084.9749076644155,0.28328611898017,0.28169014084507044,0.4716981132075471,0,0,2021-01-30 17:30:00,1612027800.0,0.40635633074094896,0.0,0.593643669259051,0.291889758701245,0.42642010045368445,0.28169014084507044
Southampton,Aston Villa,997.8734690771723,1025.5260301804576,0.3067484662576687,0.27027027027027023,0.4587155963302753,0,1,2021-01-30 20:00:00,1612036800.0,0.5068906869270963,0.0,0.49310931307290373,0.3698932039738271,0.35983652575590275,0.27027027027027023
Chelsea,Burnley,1023.0549183135552,974.290858770545,0.7518796992481203,0.1893939393939394,0.09652509652509653,2,0,2021-01-31 12:00:00,1612094400.0,0.5265453559136887,0.0,0.4734546440863113,0.42682085668761127,0.3837852039184493,0.1893939393939394
Leicester,Leeds,1063.2905906330848,1007.5254135668123,0.5434782608695653,0.2590673575129534,0.23696682464454974,1,3,2021-01-31 14:00:00,1612101600.0,0.6353104119180046,0.0,0.36468958808199536,0.4707222223019412,0.2702104201851054,0.2590673575129534
West Ham,Liverpool,1049.5338446082374,1083.9023369369402,0.2857142857142857,0.26666666666666666,0.4854368932038835,1,3,2021-01-31 16:30:00,1612110600.0,0.4962457575942442,0.0,0.5037542424057557,0.3639135555691125,0.3694197777642209,0.26666666666666666
Brighton,Tottenham,967.1069204295195,1020.9065423242092,0.3048780487804878,0.29673590504451036,0.4366812227074236,1,0,2021-01-31 19:15:00,1612120500.0,0.36756095559843793,0.0,0.6324390444015621,0.25849242277991036,0.4447716721755792,0.29673590504451036
Wolves,Arsenal,958.734084029406,1005.2269443166127,0.273972602739726,0.303951367781155,0.4608294930875576,2,1,2021-02-02 18:00:00,1612288800.0,0.37832393957551935,0.0,0.6216760604244806,0.2633318606771852,0.43271677154165983,0.303951367781155
Sheffield Utd,West Brom,880.3322142820581,870.8243475534979,0.4739336492890995,0.2949852507374631,0.26881720430107525,2,1,2021-02-02 18:00:00,1612288800.0,0.4644138863404107,0.0,0.5355861136595893,0.327418639632325,0.37759610963021195,0.2949852507374631
Newcastle,Crystal Palace,917.4757067445729,989.4544993011646,0.3412969283276451,0.303951367781155,0.39370078740157477,1,2,2021-02-02 20:15:00,1612296900.0,0.43699998535352547,0.0,0.5630000146464745,0.3041732420849767,0.39187539013386835,0.303951367781155
Manchester Utd,Southampton,1097.0457113841553,985.8026653574325,0.6896551724137931,0.2061855670103093,0.14224751066856328,9,0,2021-02-02 20:15:00,1612296900.0,0.62278738375813,0.0,0.37721261624186997,0.49437761391109286,0.2994368190785978,0.2061855670103093
Fulham,Leicester,914.252466240211,1073.2055393602166,0.26246719160104987,0.29673590504451036,0.48309178743961345,0,2,2021-02-03 18:00:00,1612375200.0,0.3098421477228698,0.0,0.6901578522771302,0.2179008575973891,0.48536323735810044,0.29673590504451036
Burnley,Manchester City,964.9006606513361,1136.3298574940409,0.06341154090044389,0.14430014430014432,0.8264462809917356,0,2,2021-02-03 18:00:00,1612375200.0,0.29344369122527814,0.0,0.7065563087747219,0.2510997242375035,0.6046001314623521,0.14430014430014432
Leeds,Everton,992.506642293556,1043.8780681988192,0.3861003861003861,0.28653295128939826,0.36496350364963503,1,2,2021-02-03 19:30:00,1612380600.0,0.46933660228926194,0.0,0.530663397710738,0.3348562004871812,0.37861084822342056,0.28653295128939826
Liverpool,Brighton,1062.7175579074903,988.2916994589693,0.6711409395973155,0.2169197396963124,0.15060240963855423,0,1,2021-02-03 20:15:00,1612383300.0,0.6620243446703078,0.0,0.3379756553296922,0.5184181961518028,0.26466206415188476,0.2169197396963124
Aston Villa,West Ham,1010.6298745671231,1064.4300002215718,0.4273504273504274,0.2898550724637681,0.3215434083601286,1,3,2021-02-03 20:15:00,1612383300.0,0.4655048629167039,0.0,0.5344951370832961,0.3305759171437463,0.37956901039248564,0.2898550724637681
Tottenham,Chelsea,1005.0054774337972,1038.9559832039672,0.2481389578163772,0.28653295128939826,0.5025125628140703,0,1,2021-02-04 20:00:00,1612468800.0,0.4969082778253777,0.0,0.5030917221746223,0.35452768245994,0.35893936625066175,0.28653295128939826
Aston Villa,Arsenal,1026.3810804890218,989.475738394714,0.3367003367003367,0.28653295128939826,0.41493775933609955,1,0,2021-02-06 12:30:00,1612614600.0,0.5077748149406641,0.0,0.4922251850593359,0.3622805986252876,0.35118645008531413,0.28653295128939826
Newcastle,Southampton,936.5823322902759,966.6960398117295,0.3003003003003003,0.28901734104046245,0.4484304932735426,3,2,2021-02-06 15:00:00,1612623600.0,0.40291795169678146,0.0,0.5970820483032185,0.28646767663990824,0.42451498231962936,0.28901734104046245
Burnley,Brighton,965.9762332294532,987.2161268808522,0.2710027100271003,0.31446540880503143,0.45248868778280543,1,1,2021-02-06 15:00:00,1612623600.0,0.46638835693384245,0.0,0.5336116430661575,0.3197253516087348,0.3658092395862338,0.31446540880503143
Fulham,West Ham,920.7676079015168,1057.9148585602659,0.24154589371980673,0.2717391304347826,0.5263157894736842,0,0,2021-02-06 17:30:00,1612632600.0,0.29640182308419083,0.0,0.7035981769158092,0.21585784942000855,0.5124030201452089,0.2717391304347826
Manchester Utd,Everton,1094.6161861079893,1046.3075934749852,0.6172839506172839,0.23923444976076558,0.17953321364452424,3,3,2021-02-06 20:00:00,1612641600.0,0.5759226648801908,0.0,0.42407733511980916,0.43814212304282457,0.32262342719640985,0.23923444976076558
Tottenham,West Brom,1015.116142786643,860.7136822006521,0.7246376811594204,0.2008032128514056,0.11655011655011654,2,0,2021-02-07 12:00:00,1612699200.0,0.6840417077235698,0.0,0.31595829227643024,0.5466839350883148,0.2525128520602796,0.2008032128514056
Wolves,Leicester,963.8228722172099,1068.1167511724125,0.2976190476190476,0.3067484662576687,0.4329004329004329,0,0,2021-02-07 14:00:00,1612706400.0,0.3409753691311242,0.0,0.6590246308688759,0.2363816976185094,0.4568698361238219,0.3067484662576687
Liverpool,Manchester City,1050.0576985849682,1148.989716816563,0.31347962382445144,0.2770083102493075,0.4464285714285714,1,4,2021-02-07 16:30:00,1612715400.0,0.39562060382881514,0.0,0.6043793961711849,0.28603040886238434,0.43696128088830816,0.2770083102493075
Sheffield Utd,Chelsea,871.1685827271049,1048.1196147589203,0.1400560224089636,0.23094688221709006,0.6666666666666666,1,2,2021-02-07 19:15:00,1612725300.0,0.28636348609228723,0.0,0.7136365139077128,0.22022873179845648,0.5488243859844535,0.23094688221709006
Leeds,Crystal Palace,1008.3660895300089,973.5950520647116,0.5524861878453039,0.267379679144385,0.2298850574712644,2,0,2021-02-08 20:00:00,1612814400.0,0.5043922738608433,0.0,0.4956077261391567,0.36952802951302427,0.36309229134259075,0.267379679144385
Leicester,Liverpool,1083.2858492218866,1034.8886005354939,0.2645502645502646,0.2597402597402597,0.5102040816326531,3,1,2021-02-13 12:30:00,1613219400.0,0.5259656859539312,0.0,0.47403431404606877,0.3893512220697933,0.350908518189947,0.2597402597402597
Crystal Palace,Burnley,957.2442487195237,982.327036574641,0.35335689045936397,0.3184713375796178,0.36496350364963503,0,3,2021-02-13 15:00:00,1613228400.0,0.5109626045371203,0.0,0.4890373954628797,0.3482356604170183,0.3332930020033639,0.3184713375796178
Manchester City,Tottenham,1159.1126306840617,1004.9932289191443,0.7462686567164178,0.17421602787456444,0.11682242990654207,3,0,2021-02-13 17:30:00,1613237400.0,0.683658941640664,0.0,0.316341058359336,0.5645545964070988,0.2612293757183367,0.17421602787456444
Brighton,Aston Villa,989.0121387138678,1024.5850686560063,0.3424657534246575,0.2976190476190476,0.39840637450199207,0,0,2021-02-13 20:00:00,1613246400.0,0.44387463021826506,0.0,0.556125369781735,0.3117690855104481,0.3906118668705043,0.2976190476190476
Southampton,Wolves,950.5637285703808,979.9551834585586,0.44052863436123346,0.3048780487804878,0.2881844380403458,1,2,2021-02-14 12:00:00,1613304000.0,0.5041347262921463,0.0,0.4958652737078537,0.35043511461771143,0.3446868366018007,0.3048780487804878
West Brom,Manchester Utd,870.1072441879587,1085.2226241206827,0.10309278350515465,0.16977928692699493,0.7633587786259541,1,1,2021-02-14 14:00:00,1613311200.0,0.2064511878966697,0.0,0.7935488121033303,0.17140005243034206,0.658820660642663,0.16977928692699493
Arsenal,Leeds,1006.344814998497,991.4970129262259,0.5524861878453039,0.2604166666666667,0.24038461538461536,4,2,2021-02-14 16:30:00,1613320200.0,0.47284135613177924,0.0,0.5271586438682208,0.349705586305795,0.38987774702753825,0.2604166666666667
Everton,Fulham,1024.76538954812,942.309811828382,0.49504950495049505,0.2949852507374631,0.25,0,2,2021-02-14 19:00:00,1613329200.0,0.673193872714535,0.0,0.326806127285465,0.4746116093769141,0.23040313988562283,0.2949852507374631
West Ham,Sheffield Utd,1066.0573791874879,863.0260620998829,0.4926108374384236,0.303951367781155,0.24213075060532688,3,0,2021-02-15 18:00:00,1613412000.0,0.745546230399312,0.0,0.254453769600688,0.518936433925357,0.177112198293488,0.303951367781155
Chelsea,Newcastle,1059.1526059508678,925.5493410983285,0.7751937984496123,0.1706484641638225,0.09372071227741331,2,0,2021-02-15 20:00:00,1613419200.0,0.6552190252516418,0.0,0.3447809747483582,0.5434069049015323,0.2859446309346452,0.1706484641638225
Burnley,Fulham,980.4922814916498,944.1445669113732,0.3389830508474576,0.31545741324921134,0.3846153846153846,1,1,2021-02-17 18:00:00,1613584800.0,0.5573360963434757,0.0,0.4426639036565243,0.3815202930805496,0.30302229367023903,0.31545741324921134
Everton,Manchester City,1014.661336313684,1169.2166839184977,0.08992805755395684,0.17152658662092624,0.7751937984496123,1,3,2021-02-17 20:15:00,1613592900.0,0.3157516635761255,0.0,0.6842483364238745,0.2615918585030336,0.5668815548760401,0.17152658662092624
Wolves,Leeds,996.4865089105189,974.9656874742657,0.4347826086956522,0.29673590504451036,0.30864197530864196,1,0,2021-02-19 20:00:00,1613764800.0,0.48339607962624187,0.0,0.5166039203737581,0.3399551064433808,0.3633089885121088,0.29673590504451036
Southampton,Chelsea,955.4077224555746,1054.308612065674,0.20964360587002098,0.2638522427440633,0.5649717514124294,1,1,2021-02-20 12:30:00,1613824200.0,0.3486251910876951,0.0,0.6513748089123049,0.2566396525421291,0.4795081047138076,0.2638522427440633
Burnley,West Brom,975.5732710133407,875.0262546662678,0.46511627906976744,0.3048780487804878,0.2695417789757412,0,0,2021-02-20 15:00:00,1613833200.0,0.6537190774471587,0.0,0.34628092255284126,0.45441448066448836,0.24070747055502378,0.3048780487804878
Liverpool,Everton,1017.9581515848292,1031.5917852643488,0.7246376811594204,0.18796992481203006,0.12562814070351758,0,2,2021-02-20 17:30:00,1613842200.0,0.5290765297082718,0.0,0.4709234702917282,0.42962605419919814,0.38240402098877174,0.18796992481203006
Fulham,Sheffield Utd,956.4753526105384,850.6952764007177,0.5076142131979695,0.29673590504451036,0.23529411764705882,1,0,2021-02-20 20:00:00,1613851200.0,0.6146629469010874,0.0,0.38533705309891264,0.4322703810550674,0.2709937139004222,0.29673590504451036
West Ham,Tottenham,1079.2738735288092,991.7767345778228,0.33003300330033003,0.29154518950437314,0.4166666666666667,2,1,2021-02-21 12:00:00,1613908800.0,0.5869845518337068,0.0,0.4130154481662932,0.4158520294332092,0.29260278106241766,0.29154518950437314
Aston Villa,Leicester,1011.2629076871249,1096.608010190768,0.267379679144385,0.2724795640326976,0.5,1,2,2021-02-21 14:05:00,1613916300.0,0.41631753027754603,0.0,0.583682469722454,0.30287951112835093,0.4246409248389515,0.2724795640326976
Arsenal,Manchester City,997.3402616238619,1178.2212372931328,0.14388489208633093,0.2178649237472767,0.6756756756756757,0,1,2021-02-21 16:30:00,1613925000.0,0.28139229295734725,0.0,0.7186077070426528,0.22008678250912345,0.5620482937435999,0.2178649237472767
Manchester Utd,Newcastle,1094.346798393876,916.425166825135,0.7462686567164178,0.18518518518518517,0.10471204188481674,3,1,2021-02-21 19:00:00,1613934000.0,0.7148695539627047,0.0,0.2851304460372953,0.5824863032288705,0.23232851158594434,0.18518518518518517
Brighton,Crystal Palace,971.5532367291105,974.703150704281,0.5681818181818182,0.28653295128939826,0.1858736059479554,1,2,2021-02-22 20:00:00,1614024000.0,0.5455906870236646,0.0,0.45440931297633536,0.3892609772747636,0.32420607143583813,0.28653295128939826
Leeds,Southampton,990.0659600601506,940.3074498696897,0.4629629629629629,0.2747252747252747,0.3003003003003003,3,0,2021-02-23 18:00:00,1614103200.0,0.5281164816910959,0.0,0.47188351830890407,0.3830295361715641,0.34224518910316126,0.2747252747252747
Manchester City,West Ham,1189.7838667745468,1067.7112440473952,0.7874015748031495,0.1564945226917058,0.08741258741258742,2,1,2021-02-27 12:30:00,1614429000.0,0.6386678287058146,0.0,0.3613321712941854,0.53871981169395,0.30478566561434417,0.1564945226917058
West Brom,Brighton,895.3605381488468,951.2189532465316,0.2188183807439825,0.28169014084507044,0.5405405405405405,1,0,2021-02-27 15:00:00,1614438000.0,0.36455364116940714,0.0,0.6354463588305929,0.26186247464281354,0.456447384512116,0.28169014084507044
Leeds,Aston Villa,975.0409062290488,1026.2879615182267,0.4926108374384236,0.2631578947368421,0.2824858757062147,0,1,2021-02-27 17:30:00,1614447000.0,0.4695329322219301,0.0,0.5304670677780698,0.34597163426879063,0.3908704709943673,0.2631578947368421
Newcastle,Wolves,920.0482252357791,992.8634504998747,0.2710027100271003,0.3184713375796178,0.4484304932735426,1,1,2021-02-27 20:00:00,1614456000.0,0.38677942466736986,0.0,0.6132205753326301,0.26360126394527755,0.41792739847510463,0.3184713375796178
Leicester,Arsenal,1076.1570237181245,1017.7912480965055,0.42194092827004215,0.29850746268656714,0.31545741324921134,1,3,2021-02-28 12:00:00,1614513600.0,0.6390933272701121,0.0,0.36090667272988786,0.4483191997267951,0.25317333758663774,0.29850746268656714
Crystal Palace,Fulham,973.8644988894935,957.314004425326,0.2840909090909091,0.30959752321981426,0.4464285714285714,0,0,2021-02-28 12:00:00,1614513600.0,0.5262078692121115,0.0,0.4737921307878885,0.36329521620526584,0.3271072605749199,0.30959752321981426
Tottenham,Burnley,1007.0310780370511,960.3189275541124,0.6666666666666666,0.2331002331002331,0.13736263736263735,4,0,2021-02-28 14:00:00,1614520800.0,0.523301766899115,0.0,0.476698233100885,0.40132000305316745,0.36557976384659946,0.2331002331002331
Chelsea,Manchester Utd,1056.1443197649614,1092.5110906945886,0.42372881355932196,0.2976190476190476,0.31446540880503143,0,0,2021-02-28 16:30:00,1614529800.0,0.44263413439726357,0.0,0.5573658656027365,0.31089778487426845,0.39148316750668394,0.2976190476190476
Sheffield Utd,Liverpool,841.8533743650311,1026.8000536205159,0.1231527093596059,0.18761726078799248,0.7299270072992701,0,2,2021-02-28 19:15:00,1614539700.0,0.27630943861520635,0.0,0.7236905613847937,0.22446901861235338,0.5879137205996542,0.18761726078799248
Everton,Southampton,1043.4821186598056,928.417116474233,0.4694835680751174,0.28653295128939826,0.28328611898017,1,0,2021-03-01 20:00:00,1614628800.0,0.6284270813919792,0.0,0.3715729186080208,0.4483620150905525,0.2651050336200492,0.28653295128939826
Manchester City,Wolves,1197.5759879288005,985.071329345621,0.819672131147541,0.1529051987767584,0.0673854447439353,4,1,2021-03-02 20:00:00,1614715200.0,0.7564962139295729,0.0,0.2435037860704271,0.6408240099648064,0.20627079125843517,0.1529051987767584
Sheffield Utd,Aston Villa,865.629807389873,1002.5115284933847,0.27548209366391185,0.29239766081871343,0.4694835680751174,1,0,2021-03-03 18:00:00,1614794400.0,0.2569864679736895,0.0,0.7430135320263105,0.18184422587611948,0.5257581133051671,0.29239766081871343
Burnley,Leicester,965.4642145780765,1071.0117366941604,0.2557544757033248,0.31746031746031744,0.46511627906976744,1,1,2021-03-03 18:00:00,1614794400.0,0.3392097805011205,0.0,0.6607902194988795,0.2315241358975902,0.45101554664209237,0.31746031746031744
Crystal Palace,Manchester Utd,979.1254435958734,1087.2501459882085,0.13157894736842105,0.21321961620469085,0.6944444444444444,0,0,2021-03-03 20:15:00,1614802500.0,0.3355954779256252,0.0,0.6644045220743748,0.2640399389222936,0.5227404448730155,0.21321961620469085
West Brom,Everton,885.7965086177921,1053.04614819086,0.24875621890547267,0.2849002849002849,0.5050505050505051,0,1,2021-03-04 18:00:00,1614880800.0,0.29887592284545655,0.0,0.7011240771545435,0.21372608727695042,0.5013736278227647,0.2849002849002849
Fulham,Tottenham,943.5880596180407,1020.7570228443363,0.2531645569620253,0.28653295128939826,0.49751243781094534,0,1,2021-03-04 18:00:00,1614880800.0,0.428935775227665,0.0,0.571064224772335,0.3060315416380762,0.4074355070725255,0.28653295128939826
Liverpool,Chelsea,1012.1482029005515,1070.7961704849258,0.45454545454545453,0.2857142857142857,0.29850746268656714,0,1,2021-03-04 20:15:00,1614888900.0,0.4578703349988854,0.0,0.5421296650011146,0.32705023928491816,0.38723547500079614,0.2857142857142857
Burnley,Arsenal,967.8559070944619,1015.39955558012,0.20161290322580647,0.273972602739726,0.5617977528089888,1,1,2021-03-06 12:30:00,1615033800.0,0.42525960886295555,0.0,0.5747403911370444,0.3087501269826938,0.4172772702775802,0.273972602739726
Sheffield Utd,Southampton,852.4901987946247,941.5567250694813,0.2631578947368421,0.2958579881656805,0.47846889952153115,0,2,2021-03-06 15:00:00,1615042800.0,0.41061276860150936,0.0,0.5893872313984907,0.28912970096792673,0.4150123108663929,0.2958579881656805
Aston Villa,Wolves,1001.7090515375095,985.8738063014963,0.38314176245210724,0.31746031746031744,0.3412969283276451,0,0,2021-03-06 17:30:00,1615051800.0,0.5250774048711025,0.0,0.47492259512889745,0.3583861652294827,0.32415351731019987,0.31746031746031744
Brighton,Leicester,940.526924076058,1081.703765864634,0.3921568627450981,0.31347962382445144,0.33003300330033003,1,2,2021-03-06 20:00:00,1615060800.0,0.3341259115773003,0.0,0.6658740884226997,0.22938424650604627,0.45713612966950223,0.31347962382445144
West Brom,Newcastle,887.3687682242492,918.475965629322,0.4273504273504274,0.3115264797507788,0.29850746268656714,0,0,2021-03-07 12:00:00,1615118400.0,0.4508668872982167,0.0,0.5491331127017833,0.3104099130620121,0.37806360718720905,0.3115264797507788
Liverpool,Fulham,993.0312449920856,962.7050175265066,0.6172839506172839,0.2481389578163772,0.17271157167530224,0,1,2021-03-07 14:00:00,1615125600.0,0.5974049346395582,0.0,0.40259506536044176,0.44916549676373735,0.30269554541988547,0.2481389578163772
Manchester City,Manchester Utd,1176.6594459658552,1108.1666879511538,0.6666666666666666,0.2247191011235955,0.14727540500736377,0,2,2021-03-07 16:30:00,1615134600.0,0.6536419363420384,0.0,0.3463580636579616,0.5067561079505691,0.2685247909258354,0.2247191011235955
Tottenham,Crystal Palace,1034.8489411860573,965.0335252541526,0.6493506493506493,0.23923444976076558,0.14970059880239522,4,1,2021-03-07 19:15:00,1615144500.0,0.5596275518212213,0.0,0.44037244817877874,0.4257453623903071,0.33502018784892734,0.23923444976076558
Chelsea,Everton,1085.9794621770905,1037.8628564986955,0.6172839506172839,0.25510204081632654,0.16501650165016502,2,0,2021-03-08 18:00:00,1615226400.0,0.5255221346198549,0.0,0.47447786538014514,0.3914603655841776,0.3534375935994959,0.25510204081632654
West Ham,Leeds,1079.542021989196,963.210128287248,0.4444444444444444,0.2770083102493075,0.3164556962025316,2,0,2021-03-08 20:00:00,1615233600.0,0.6302881893187265,0.0,0.36971181068127346,0.45569312302545045,0.26729856672524205,0.2770083102493075
Manchester City,Southampton,1183.2297367637518,934.9864342715847,0.8474576271186441,0.13513513513513511,0.058823529411764705,5,2,2021-03-10 18:00:00,1615399200.0,0.7946784125657295,0.0,0.20532158743427054,0.687289437894685,0.17757542697017994,0.13513513513513511
Newcastle,Aston Villa,922.2373090101263,997.9477081567052,0.27027027027027023,0.29673590504451036,0.4716981132075471,1,1,2021-03-12 20:00:00,1615579200.0,0.38245801934986623,0.0,0.6175419806501338,0.2689689928365528,0.4342951021189368,0.29673590504451036
Leeds,Chelsea,968.6397395669067,1080.549850897432,0.1953125,0.2557544757033248,0.5882352941176471,0,0,2021-03-13 12:30:00,1615638600.0,0.3303246475106691,0.0,0.6696753524893309,0.24584264047469234,0.49840288382198283,0.2557544757033248
Crystal Palace,West Brom,977.5153366803273,874.8869567980744,0.425531914893617,0.3194888178913738,0.29154518950437314,1,0,2021-03-13 15:00:00,1615647600.0,0.6099433929320374,0.0,0.39005660706796264,0.41507329934352705,0.2654378827650992,0.3194888178913738
Everton,Burnley,1018.6818516206357,987.0369119725217,0.5050505050505051,0.3003003003003003,0.23255813953488372,1,2,2021-03-13 17:30:00,1615656600.0,0.5994064024393682,0.0,0.40059359756063184,0.41940447978490325,0.28029521991479645,0.3003003003003003
Fulham,Manchester City,955.6857301247677,1190.2490241654907,0.11961722488038279,0.21008403361344538,0.7092198581560284,0,3,2021-03-13 20:00:00,1615665600.0,0.21935273130434,0.0,0.78064726869566,0.17327022472779796,0.6166457416587566,0.21008403361344538
Southampton,Brighton,919.241561630221,956.2717967174217,0.30864197530864196,0.3115264797507788,0.4166666666666667,1,2,2021-03-14 12:00:00,1615723200.0,0.492027270042616,0.0,0.507972729957384,0.33874774666485397,0.34972577358436713,0.3115264797507788
Leicester,Sheffield Utd,1088.4528300729733,845.7411345862855,0.6535947712418301,0.2463054187192118,0.13458950201884254,5,0,2021-03-14 14:00:00,1615730400.0,0.7890917434893991,0.0,0.21090825651060086,0.5947341712013698,0.15896041007941838,0.2463054187192118
Arsenal,Tottenham,1032.2942984516303,1017.9541983145469,0.37453183520599254,0.29940119760479045,0.36101083032490977,2,1,2021-03-14 16:30:00,1615739400.0,0.47203928526530076,0.0,0.5279607147346992,0.3307101579403604,0.3698886444548491,0.29940119760479045
Manchester Utd,West Ham,1122.8514479068403,1064.8572620335094,0.5555555555555556,0.2770083102493075,0.2040816326530612,1,0,2021-03-14 19:15:00,1615749300.0,0.5411012513847976,0.0,0.4588987486152024,0.39121170806490907,0.33177998168578343,0.2770083102493075
Wolves,Liverpool,970.2033719138599,1008.701679379722,0.1736111111111111,0.2557544757033248,0.6097560975609756,0,1,2021-03-15 20:00:00,1615838400.0,0.4897010746136384,0.0,0.5102989253863617,0.36445783302447254,0.3797876912722027,0.2557544757033248
Fulham,Leeds,940.2820080270207,984.0434616646537,0.390625,0.29850746268656714,0.34965034965034963,1,2,2021-03-19 20:00:00,1616184000.0,0.4813663155545962,0.0,0.5186336844454038,0.33767487807561225,0.3638176592378206,0.29850746268656714
Brighton,Newcastle,970.7094448806045,907.7996608469435,0.5847953216374269,0.2785515320334262,0.17452006980802792,3,0,2021-03-20 20:00:00,1616270400.0,0.5488234949005403,0.0,0.4511765050994597,0.3959478695800555,0.3255005983865183,0.2785515320334262
West Ham,Arsenal,1063.3620576096364,1033.7895028755033,0.2824858757062147,0.2857142857142857,0.4672897196261683,3,3,2021-03-21 15:00:00,1616338800.0,0.546725138246032,0.0,0.45327486175396803,0.39051795589002286,0.32376775839569144,0.2857142857142857
Aston Villa,Tottenham,982.8680240955316,1033.0338823757204,0.3236245954692557,0.29069767441860467,0.42194092827004215,0,2,2021-03-21 19:30:00,1616355000.0,0.4712401269116728,0.0,0.5287598730883272,0.33425171792572134,0.3750506076556739,0.29069767441860467
Chelsea,West Brom,1056.049157904631,899.3876497908751,0.78125,0.17301038062283736,0.07898894154818326,2,5,2021-04-03 12:30:00,1617449400.0,0.7656466560250235,0.0,0.23435334397497654,0.6331818366435316,0.1938077827336311,0.17301038062283736
Leeds,Sheffield Utd,993.9907732784544,835.7938229724848,0.6451612903225806,0.2347417840375587,0.1584786053882726,2,1,2021-04-03 15:00:00,1617458400.0,0.6891465120687277,0.0,0.3108534879312723,0.5273750303624536,0.23788318559998772,0.2347417840375587
Leicester,Manchester City,1077.0110258515915,1201.6908283868725,0.18248175182481752,0.2518891687657431,0.5988023952095809,0,2,2021-04-03 17:30:00,1617467400.0,0.3575563819181766,0.0,0.6424436180818234,0.26749180208992057,0.48061902914433635,0.2518891687657431
Arsenal,Liverpool,1016.636169733425,1025.8550125218003,0.3448275862068966,0.2747252747252747,0.4166666666666667,0,3,2021-04-03 20:00:00,1617476400.0,0.5360416606899472,0.0,0.4639583393100528,0.388777468192709,0.3364972570820164,0.2747252747252747
Southampton,Burnley,938.3246216715038,967.9538519312389,0.49504950495049505,0.29411764705882354,0.2481389578163772,3,2,2021-04-04 12:00:00,1617534000.0,0.4036543737099128,0.0,0.5963456262900872,0.2849324990893502,0.42094985385182626,0.29411764705882354
Newcastle,Tottenham,913.329469539677,1027.504073682987,0.18281535648994515,0.2577319587628866,0.5952380952380952,2,2,2021-04-04 14:05:00,1617541500.0,0.32719347835207835,0.0,0.6728065216479217,0.24286526228195507,0.49940277895515833,0.2577319587628866
Aston Villa,Fulham,996.9166283923452,926.2334037302071,0.4,0.3115264797507788,0.3278688524590164,3,1,2021-04-04 16:30:00,1617550200.0,0.5609811157245762,0.0,0.4390188842754238,0.3862206435362347,0.30225287671298645,0.3115264797507788
Manchester Utd,Brighton,1132.2610135114935,961.2998792759512,0.6024096385542168,0.25380710659898476,0.18248175182481752,2,1,2021-04-04 19:30:00,1617561000.0,0.7059510748545862,0.0,0.2940489251454138,0.5267756751453003,0.2194172182557149,0.25380710659898476
Everton,Crystal Palace,1016.7948857354324,979.4023025655306,0.5434782608695653,0.28735632183908044,0.20746887966804978,1,1,2021-04-05 18:00:00,1617642000.0,0.5589676839126015,0.0,0.44103231608739846,0.3983447862365666,0.31429889192435295,0.28735632183908044
Wolves,West Ham,958.3935485130573,1075.171881010439,0.3448275862068966,0.31347962382445144,0.37878787878787884,2,3,2021-04-05 20:15:00,1617650100.0,0.369056981275078,0.0,0.630943018724922,0.2533651376151789,0.4331552385603696,0.31347962382445144
Fulham,Wolves,911.7102176791251,972.9167345641393,0.37878787878787884,0.3215434083601286,0.3367003367003367,0,1,2021-04-09 20:00:00,1617994800.0,0.4538495640963129,0.0,0.5461504359036871,0.3079172283740258,0.3705393632658456,0.3215434083601286
Manchester City,Leeds,1177.123011861448,1018.5585898038788,0.7194244604316546,0.19011406844106465,0.12610340479192939,1,2,2021-04-10 12:30:00,1618054200.0,0.7677442664195122,0.0,0.2322557335804878,0.621785280408198,0.18810065115073724,0.19011406844106465
Liverpool,Aston Villa,1040.5254239146298,982.2462169995157,0.6802721088435374,0.21231422505307856,0.14265335235378032,2,1,2021-04-10 15:00:00,1618063200.0,0.5415496439740786,0.0,0.45845035602592143,0.4265709509859515,0.36111482396097,0.21231422505307856
Crystal Palace,Chelsea,966.8758528742516,1068.5756075959102,0.1342281879194631,0.23529411764705882,0.6666666666666666,1,4,2021-04-10 17:30:00,1618072200.0,0.39145155285247063,0.0,0.6085484471475293,0.29934530512247753,0.46536057723046353,0.23529411764705882
Burnley,Newcastle,949.4588302048625,931.8244912660534,0.43859649122807015,0.3003003003003003,0.29850746268656714,1,2,2021-04-11 12:00:00,1618138800.0,0.5779694289492645,0.0,0.4220305710507355,0.4044050358714073,0.2952946638282924,0.3003003003003003
West Ham,Leicester,1091.2565759692638,1060.9263308927666,0.3125,0.3048780487804878,0.42016806722689076,3,2,2021-04-11 14:05:00,1618146300.0,0.49735328253672245,0.0,0.5026467174632776,0.3457211842023558,0.34940076701715633,0.3048780487804878
Tottenham,Manchester Utd,1016.1872443575426,1143.5778428369379,0.33783783783783783,0.2808988764044944,0.4166666666666667,1,3,2021-04-11 16:30:00,1618155000.0,0.35365091642013563,0.0,0.6463490835798644,0.25431077135829977,0.4647903522372059,0.2808988764044944
Sheffield Utd,Arsenal,827.4432715881576,1024.9867211177523,0.1773049645390071,0.2590673575129534,0.6024096385542168,0,3,2021-04-11 19:00:00,1618164000.0,0.2609547307602267,0.0,0.7390452692397733,0.19334987823167055,0.5475827642553761,0.2590673575129534
West Brom,Southampton,917.1732942043236,920.5389772580553,0.2770083102493075,0.2785515320334262,0.48309178743961345,3,0,2021-04-12 18:00:00,1618246800.0,0.4441986120797351,0.0,0.5558013879202649,0.3204664081578033,0.4009820598087705,0.2785515320334262
Brighton,Everton,963.8340044043421,1014.2607606070416,0.4629629629629629,0.28735632183908044,0.2857142857142857,0,0,2021-04-12 20:15:00,1618254900.0,0.4208085897377853,0.0,0.5791914102622147,0.2998865811924447,0.41275709696847485,0.28735632183908044
Everton,Tottenham,1014.3494775531426,1016.0985274114415,0.2824858757062147,0.28735632183908044,0.46511627906976744,2,2,2021-04-16 20:00:00,1618599600.0,0.49722759543434114,0.0,0.5027724045656589,0.3543461024934385,0.35829757566748105,0.28735632183908044
Newcastle,West Ham,954.6912580011522,1068.389809234165,0.28901734104046245,0.29239766081871343,0.45454545454545453,3,2,2021-04-17 12:30:00,1618659000.0,0.2854135395281627,0.0,0.7145864604718373,0.2019592882041385,0.505643050977148,0.29239766081871343
Wolves,Sheffield Utd,982.5832947791454,817.7767113731516,0.5586592178770949,0.2898550724637681,0.18832391713747648,1,0,2021-04-17 20:15:00,1618686900.0,0.6979199932810619,0.0,0.3020800067189381,0.4956243430546672,0.21452058448156475,0.2898550724637681
Arsenal,Fulham,1019.9474499344436,916.7494888624337,0.5434782608695653,0.2710027100271003,0.22172949002217296,1,1,2021-04-18 13:30:00,1618749000.0,0.6574772244783956,0.0,0.3425227755216044,0.47929911486365423,0.24969817510924544,0.2710027100271003
Manchester Utd,Burnley,1151.4654158719652,941.5712571698352,0.7352941176470589,0.18975332068311196,0.11312217194570136,3,1,2021-04-18 16:00:00,1618758000.0,0.7535133426553977,0.0,0.2464866573446023,0.6105316837075044,0.19971499560938366,0.18975332068311196
Leeds,Liverpool,1019.5688540872084,1039.5151596313,0.19157088122605365,0.2232142857142857,0.6211180124223603,1,1,2021-04-19 20:00:00,1618858800.0,0.46842924114595136,0.0,0.5315707588540486,0.36386914267587295,0.4129165716098413,0.2232142857142857
Chelsea,Brighton,1063.8930826995077,968.5165293007447,0.5952380952380952,0.2680965147453083,0.1736111111111111,0,0,2021-04-20 20:15:00,1618946100.0,0.6463289030125791,0.0,0.35367109698742094,0.47305037673574823,0.2588531085189435,0.2680965147453083
Tottenham,Southampton,1027.8055575257486,908.8319471437484,0.5405405405405405,0.2617801047120419,0.23584905660377356,2,1,2021-04-21 18:00:00,1619024400.0,0.6341553089279088,0.0,0.36584469107209117,0.4681460657530636,0.27007382953489456,0.2617801047120419
Aston Villa,Manchester City,974.3845412212303,1184.9846876397335,0.10183299389002036,0.18761726078799248,0.7462686567164178,1,2,2021-04-21 20:15:00,1619032500.0,0.24567736807142096,0.0,0.7543226319285791,0.19958405323625755,0.61279868597575,0.18761726078799248
Leicester,West Brom,1070.6598360718979,907.4397890251923,0.6134969325153374,0.2506265664160401,0.1733102253032929,3,0,2021-04-22 20:00:00,1619118000.0,0.6958279631521488,0.0,0.3041720368478512,0.5214349899310589,0.22793844365290103,0.2506265664160401
Arsenal,Everton,1003.6896760853865,1030.6072514021996,0.49019607843137253,0.2801120448179272,0.2638522427440633,0,1,2021-04-23 20:00:00,1619204400.0,0.5080554327830332,0.0,0.4919445672169668,0.36574298662532084,0.354144968556752,0.2801120448179272
Liverpool,Newcastle,1035.684680041987,958.5217375904654,0.819672131147541,0.13661202185792348,0.07955449482895784,1,1,2021-04-24 12:30:00,1619263800.0,0.6197024871660357,0.0,0.3802975128339643,0.5350436774438997,0.3283443006981768,0.13661202185792348
West Ham,Chelsea,1052.1827388865308,1080.100153047142,0.19047619047619047,0.2518891687657431,0.5952380952380952,0,1,2021-04-24 17:30:00,1619281800.0,0.5064709483635704,0.0,0.49352905163642957,0.3788964021762731,0.36921442905798385,0.2518891687657431
Sheffield Utd,Brighton,840.3134394459339,945.9798012279623,0.15772870662460567,0.2518891687657431,0.628930817610063,1,0,2021-04-24 20:00:00,1619290800.0,0.2957272477255513,0.0,0.7042727522744487,0.2212367571145812,0.5268740741196758,0.2518891687657431
Wolves,Burnley,964.7033442592575,959.4512076897231,0.4273504273504274,0.3205128205128205,0.28735632183908044,0,4,2021-04-25 12:00:00,1619348400.0,0.5587484537464961,0.0,0.44125154625350393,0.3796624108790294,0.2998247686081501,0.3205128205128205
Leeds,Manchester Utd,1025.367015310807,1145.6672546483667,0.22831050228310504,0.25252525252525254,0.5555555555555556,0,0,2021-04-25 14:00:00,1619355600.0,0.31880746176254515,0.0,0.6811925382374548,0.23830052697402362,0.5091742205007238,0.25252525252525254
Aston Villa,West Brom,971.3392159638573,910.4851142825653,0.4807692307692307,0.2849002849002849,0.27027027027027023,2,2,2021-04-25 19:00:00,1619373600.0,0.5951664142929054,0.0,0.4048335857070946,0.42560333329777567,0.2894963818019395,0.2849002849002849
Leicester,Crystal Palace,1082.0176665504725,955.5180223956769,0.6993006993006994,0.21413276231263384,0.12376237623762376,2,1,2021-04-26 20:00:00,1619463600.0,0.6450677975445431,0.0,0.35493220245545687,0.5069376481774033,0.2789295895099629,0.21413276231263384
Southampton,Leicester,916.2065377906123,1074.6430759036086,0.24096385542168672,0.2631578947368421,0.5319148936170213,1,1,2021-04-30 20:00:00,1619809200.0,0.2695440422855029,0.0,0.7304559577144971,0.19861139957879162,0.5382307056843664,0.2631578947368421
Crystal Palace,Manchester City,948.7767140981929,1191.7259959372175,0.10050251256281408,0.1838235294117647,0.7462686567164178,0,2,2021-05-01 12:30:00,1619868600.0,0.21066588429637562,0.0,0.7893341157036244,0.1719405379183654,0.6442359326698699,0.1838235294117647
Brighton,Leeds,965.5733938252068,1005.7734227135624,0.4807692307692307,0.2824858757062147,0.27027027027027023,2,0,2021-05-01 15:00:00,1619877600.0,0.3877002313361097,0.0,0.6122997686638902,0.2781803919756267,0.4393337323181585,0.2824858757062147
Chelsea,Fulham,1089.0868827274887,907.7627591820868,0.6711409395973155,0.23584905660377356,0.12531328320802004,2,0,2021-05-01 17:30:00,1619886600.0,0.7191646974891597,0.0,0.2808353025108403,0.5495503820436032,0.2146005613526233,0.23584905660377356
Everton,Aston Villa,1011.9040280111961,990.0424393548608,0.5076142131979695,0.26595744680851063,0.2638522427440633,1,2,2021-05-01 20:00:00,1619895600.0,0.5844757309688569,0.0,0.41552426903114315,0.42903005783884174,0.30501249535264763,0.26595744680851063
Newcastle,Arsenal,944.5901583553366,1017.6212553205153,0.26246719160104987,0.273972602739726,0.5,0,2,2021-05-02 14:00:00,1619960400.0,0.43536185109777215,0.0,0.5646381489022279,0.31608463161893047,0.4099427656413435,0.273972602739726
Tottenham,Sheffield Utd,1035.9220419378753,832.1969550338073,0.7518796992481203,0.18214936247723132,0.09970089730807578,4,0,2021-05-02 19:15:00,1619979300.0,0.7463598621210414,0.0,0.25364013787895856,0.6104108890570995,0.2074397484656692,0.18214936247723132
West Brom,Wolves,912.9618835040912,962.2265750377315,0.3891050583657587,0.31746031746031744,0.33003300330033003,1,1,2021-05-03 18:00:00,1620061200.0,0.4226009618273125,0.0,0.5773990381726875,0.2884419263265784,0.39409775621310417,0.31746031746031744
Burnley,West Ham,947.623056340209,1064.0108902360448,0.3278688524590164,0.28169014084507044,0.4291845493562232,1,2,2021-05-03 20:15:00,1620069300.0,0.3696297296723147,0.0,0.6303702703276852,0.26550867906039505,0.4528011800945344,0.28169014084507044
Leicester,Newcastle,1052.9188093326086,966.3144249263366,0.7142857142857143,0.20366598778004072,0.11682242990654207,2,4,2021-05-07 20:00:00,1620414000.0,0.6788833303437504,0.0,0.32111666965624963,0.5406178862818868,0.2557161259380725,0.20366598778004072
Leeds,Tottenham,1023.1583435996415,1018.5371210517961,0.2506265664160401,0.25252525252525254,0.5319148936170213,3,1,2021-05-08 12:30:00,1620473400.0,0.45672122231002604,0.0,0.5432787776899739,0.3413875803125447,0.40608716716220267,0.25252525252525254
Sheffield Utd,Crystal Palace,821.3728437551244,959.6008253768757,0.33783783783783783,0.3115264797507788,0.38759689922480617,0,2,2021-05-08 15:00:00,1620482400.0,0.3382534774588368,0.0,0.6617465225411632,0.23287856236262597,0.4555949578865952,0.3115264797507788
Manchester City,Chelsea,1171.132157489909,1109.680721174797,0.49019607843137253,0.2949852507374631,0.24752475247524752,1,2,2021-05-08 17:30:00,1620491400.0,0.6435574514783833,0.0,0.3564425485216167,0.45371749529006966,0.25129725397246727,0.2949852507374631
Liverpool,Southampton,1046.3896081491168,905.5016096834825,0.7633587786259541,0.1669449081803005,0.10373443983402489,2,0,2021-05-08 20:15:00,1620501300.0,0.6654709966521919,0.0,0.3345290033478081,0.5543740022194387,0.27868108960026083,0.1669449081803005
Wolves,Brighton,978.3806969715889,949.4192718913495,0.25510204081632654,0.3003003003003003,0.47846889952153115,2,1,2021-05-09 12:00:00,1620558000.0,0.49518368956695624,0.0,0.5048163104330438,0.3464798788861886,0.3532198208135111,0.3003003003003003
Aston Villa,Manchester Utd,980.7654989111687,1154.9441950920586,0.22271714922048996,0.25125628140703515,0.5617977528089888,1,3,2021-05-09 14:05:00,1620565500.0,0.2899043888653771,0.0,0.7100956111346228,0.21706409015548336,0.5316796284374814,0.25125628140703515
West Ham,Everton,1045.6291113633874,1030.2858068838534,0.46511627906976744,0.28169014084507044,0.2881844380403458,0,1,2021-05-09 16:30:00,1620574200.0,0.5744305897705407,0.0,0.42556941022945927,0.4126191560323602,0.3056907031225693,0.28169014084507044
Arsenal,West Brom,1028.9421932164723,901.6409456081343,0.6666666666666666,0.21978021978021978,0.14947683109118085,3,1,2021-05-09 19:00:00,1620583200.0,0.6462206907513445,0.0,0.3537793092486555,0.5041941653114885,0.2760256149082917,0.21978021978021978
Fulham,Burnley,893.5903821437633,961.7954333785325,0.4484304932735426,0.29069767441860467,0.2958579881656805,0,2,2021-05-10 20:00:00,1620673200.0,0.4428867824476087,0.0,0.5571132175523913,0.31414062475935034,0.39516170082204494,0.29069767441860467
Manchester Utd,Leicester,1134.3763030952489,1073.4867013294183,0.2724795640326976,0.2808988764044944,0.47846889952153115,1,2,2021-05-11 18:00:00,1620752400.0,0.6427466249003038,0.0,0.35725337509969624,0.4621998201530274,0.2569013034424782,0.2808988764044944
Southampton,Crystal Palace,923.9730291448609,941.1294059154973,0.5291005291005291,0.2638522427440633,0.24570024570024568,3,1,2021-05-11 20:15:00,1620760500.0,0.42276814183192346,0.0,0.5772318581680765,0.3112198194488302,0.4249279378071065,0.2638522427440633
Chelsea,Arsenal,1090.0280893503132,1048.5948250409563,0.5181347150259067,0.29325513196480935,0.22675736961451246,0,1,2021-05-12 20:15:00,1620846900.0,0.6141447445151205,0.0,0.38585525548487953,0.4340436464168447,0.272701221618346,0.29325513196480935
Aston Villa,Everton,983.0306750422139,1028.020630752808,0.33222591362126247,0.29940119760479045,0.40322580645161293,0,0,2021-05-13 18:00:00,1620925200.0,0.42921324590483595,0.0,0.5707867540951641,0.30070628605308863,0.3998925163421209,0.29940119760479045
Manchester Utd,Liverpool,1114.4088218594957,1066.35708938487,0.35714285714285715,0.267379679144385,0.4098360655737705,2,4,2021-05-13 20:15:00,1620933300.0,0.6239837886172861,0.0,0.3760162113827139,0.4571432034254984,0.2754771174301166,0.267379679144385
Newcastle,Manchester City,958.7871470645598,1178.659435351686,0.11325028312570781,0.17152658662092624,0.7518796992481203,3,4,2021-05-14 20:00:00,1621018800.0,0.23522743318052702,0.0,0.7647725668194729,0.1948796744874692,0.6335937388916045,0.17152658662092624
Burnley,Leeds,948.5922790410517,1036.3614979371223,0.28328611898017,0.2610966057441253,0.4926108374384236,0,4,2021-05-15 12:30:00,1621078200.0,0.41259857304627456,0.0,0.5874014269537254,0.30487048608902273,0.43403290816685197,0.2610966057441253
Southampton,Fulham,938.5774122529945,878.9859990356297,0.5319148936170213,0.26666666666666666,0.23809523809523808,3,1,2021-05-15 15:00:00,1621087200.0,0.5436130278708244,0.0,0.45638697212917556,0.39864955377193795,0.33468377956139544,0.26666666666666666
Brighton,West Ham,953.7400188279297,1041.3083644268072,0.28169014084507044,0.2801120448179272,0.47619047619047616,1,1,2021-05-15 20:00:00,1621105200.0,0.3649766582318666,0.0,0.6350233417681335,0.2627423001837247,0.4571456549983482,0.2801120448179272
Crystal Palace,Aston Villa,959.0497294860363,965.1103514716749,0.3194888178913738,0.2840909090909091,0.4366812227074236,3,2,2021-05-16 12:00:00,1621162800.0,0.43998988842065484,0.0,0.5600101115793452,0.31499276102842333,0.40091632988066755,0.2840909090909091
Tottenham,Wolves,1032.696040188012,964.221777835373,0.6493506493506493,0.22123893805309736,0.1663893510815308,2,0,2021-05-16 14:05:00,1621170300.0,0.5575337769932545,0.0,0.44246622300674554,0.43418559624253444,0.3445754657043682,0.22123893805309736
West Brom,Liverpool,892.7049291492458,1075.2931058437584,0.08169934640522876,0.13869625520110956,0.819672131147541,1,2,2021-05-16 16:30:00,1621179000.0,0.27925051434026443,0.0,0.7207494856597356,0.24051951373828603,0.6207842310606045,0.13869625520110956
Everton,Sheffield Utd,1003.4874335606281,845.9060409473044,0.7352941176470589,0.1941747572815534,0.10905125408942203,0,1,2021-05-16 19:00:00,1621188000.0,0.7666624122556246,0.0,0.2333375877443754,0.6177959244389984,0.18802931827944813,0.1941747572815534
Southampton,Leeds,926.9652864724699,1047.973623717647,0.37735849056603776,0.2617801047120419,0.39840637450199207,0,2,2021-05-18 18:00:00,1621357200.0,0.3628789306413949,0.0,0.6371210693586051,0.2678844461802968,0.4703354491076614,0.2617801047120419
Manchester Utd,Fulham,1104.969496886278,888.4253240088475,0.7692307692307692,0.1694915254237288,0.10090817356205853,1,1,2021-05-18 18:00:00,1621357200.0,0.794978905413056,0.0,0.20502109458694395,0.6602367180549109,0.17027175652136023,0.1694915254237288
Brighton,Manchester City,978.8583690065929,1153.5410851730228,0.13679890560875513,0.2145922746781116,0.684931506849315,3,2,2021-05-18 19:00:00,1621360800.0,0.2150515569167776,0.0,0.7849484430832224,0.16890315414493692,0.6165045711769516,0.2145922746781116
Chelsea,Leicester,1105.2669053208804,1058.2478853588511,0.5882352941176471,0.2597402597402597,0.18832391713747648,2,1,2021-05-18 20:15:00,1621365300.0,0.5237870009197757,0.0,0.4762129990802243,0.3877384292523015,0.3525213110074388,0.2597402597402597
Tottenham,Aston Villa,1013.6222780018841,984.1841136578028,0.6211180124223603,0.22172949002217296,0.19047619047619047,1,2,2021-05-19 18:00:00,1621443600.0,0.5960550683164961,0.0,0.40394493168350387,0.46389208199354803,0.31437842798427906,0.22172949002217296
Newcastle,Sheffield Utd,969.764284237315,834.9289037745492,0.5405405405405405,0.2680965147453083,0.2304147465437788,1,0,2021-05-19 18:00:00,1621443600.0,0.6569644633513992,0.0,0.34303553664860076,0.4808345804153673,0.2510689048393244,0.2680965147453083
Everton,Wolves,1017.6868428064529,950.0223685895483,0.5617977528089888,0.267379679144385,0.2061855670103093,1,0,2021-05-19 18:00:00,1621443600.0,0.5562684610679759,0.0,0.4437315389320241,0.4075335784294797,0.32508674242613533,0.267379679144385
Crystal Palace,Arsenal,947.084489636777,1060.5600648902155,0.17123287671232876,0.24271844660194175,0.625,1,3,2021-05-19 19:00:00,1621447200.0,0.37391374528935234,0.0,0.6260862547106476,0.2831579818696066,0.4741235715284516,0.24271844660194175
West Brom,West Ham,883.1594890088562,1050.8538045671967,0.19342359767891684,0.23255813953488372,0.6134969325153374,1,3,2021-05-19 20:15:00,1621451700.0,0.29829500438717366,0.0,0.7017049956128263,0.22892407313434257,0.5385177873307737,0.23255813953488372
Burnley,Liverpool,938.1814729084091,1085.703911976401,0.10121457489878542,0.1592356687898089,0.7751937984496123,0,3,2021-05-19 20:15:00,1621451700.0,0.3253376916450833,0.0,0.6746623083549167,0.27353232673344585,0.5672320044767453,0.1592356687898089
Wolves,Manchester Utd,940.7197086773684,1114.2721567984577,0.4273504273504274,0.30303030303030304,0.3067484662576687,1,2,2021-05-23 16:00:00,1621782000.0,0.29070812225561893,0.0,0.7092918777443811,0.20261475187512837,0.4943549450945687,0.30303030303030304
West Ham,Southampton,1061.378638234458,916.4404528052085,0.5586592178770949,0.2577319587628866,0.2188183807439825,3,0,2021-05-23 16:00:00,1621782000.0,0.6710989478980791,0.0,0.3289010521019209,0.49813530153259483,0.2441327397045186,0.2577319587628866
Sheffield Utd,Burnley,855.5486509052023,917.561725777756,0.35460992907801414,0.2857142857142857,0.39525691699604737,1,0,2021-05-23 16:00:00,1621782000.0,0.3556329021670918,0.0,0.6443670978329081,0.25402350154792275,0.46026221273779155,0.2857142857142857
Manchester City,Everton,1163.5852583292383,1007.6426696502375,0.7692307692307692,0.16129032258064516,0.10395010395010396,5,0,2021-05-23 16:00:00,1621782000.0,0.6861195888682693,0.0,0.3138804111317307,0.5754551390508065,0.26325453836854834,0.16129032258064516
Liverpool,Crystal Palace,1095.6387148752365,937.1496867379415,0.8620689655172414,0.1145475372279496,0.05931198102016608,2,0,2021-05-23 16:00:00,1621782000.0,0.6895374094113911,0.0,0.3104625905886089,0.6105525973367758,0.27489986543527456,0.1145475372279496
Leicester,Tottenham,1040.204027406779,1031.6661359539562,0.5555555555555556,0.23584905660377356,0.24330900243309006,2,4,2021-05-23 16:00:00,1621782000.0,0.5638705610022537,0.0,0.43612943899774625,0.43088222114323166,0.3332687222529948,0.23584905660377356
Leeds,West Brom,1056.9060075914097,874.2271051350934,0.6451612903225806,0.21008403361344538,0.1798561151079137,3,1,2021-05-23 16:00:00,1621782000.0,0.720863003944912,0.0,0.279136996055088,0.5694211963934599,0.22049476999309472,0.21008403361344538
Fulham,Newcastle,876.1041553404846,982.0854529056779,0.40485829959514175,0.28735632183908044,0.3436426116838488,0,2,2021-05-23 16:00:00,1621782000.0,0.3850365208863419,0.0,0.6149634791136581,0.2743938424707264,0.43824983569019316,0.28735632183908044
Aston Villa,Chelsea,1005.5448881213451,1083.906130857338,0.14388489208633093,0.20576131687242802,0.6896551724137931,2,1,2021-05-23 16:00:00,1621782000.0,0.3324757980143008,0.0,0.6675242019856992,0.2640651399866669,0.530173543140905,0.20576131687242802
Arsenal,Brighton,1072.8654158790139,966.5530180177943,0.5952380952380952,0.23809523809523808,0.2032520325203252,2,0,2021-05-23 16:00:00,1621782000.0,0.6154577816000474,0.0,0.3845422183999526,0.468920214552417,0.29298454735234486,0.23809523809523808
